RefOGs	num_species	num_genes	min_length	max_length	mean_length	median_length	Orthogroups
RefOG069	10	31	100	356	155	154	Gallus_gallus.ENSGALP00000073211, Homo_sapiens.ENSP00000276571, Gallus_gallus.ENSGALP00000050250, Danio_rerio.ENSDARP00000019621, Homo_sapiens.ENSP00000273610, Mus_musculus.ENSMUSP00000061185, Tetraodon_nigroviridis.ENSTNIP00000018015, Rattus_norvegicus.ENSRNOP00000008037, Danio_rerio.ENSDARP00000114719, Homo_sapiens.ENSP00000369798, Pan_troglodytes.ENSPTRP00000050875, Pan_troglodytes.ENSPTRP00000034753, Monodelphis_domestica.ENSMODP00000023062, Mus_musculus.ENSMUSP00000060405, Pan_troglodytes.ENSPTRP00000020205, Monodelphis_domestica.ENSMODP00000036360, Gallus_gallus.ENSGALP00000051792, Drosophila_melanogaster.FBpp0310724, Danio_rerio.ENSDARP00000107038, Rattus_norvegicus.ENSRNOP00000028031, Rattus_norvegicus.ENSRNOP00000016953, Canis_familiaris.ENSCAFP00000031248, Canis_familiaris.ENSCAFP00000007854, Danio_rerio.ENSDARP00000118835, Monodelphis_domestica.ENSMODP00000046926, Mus_musculus.ENSMUSP00000035321, Monodelphis_domestica.ENSMODP00000028973, Homo_sapiens.ENSP00000296099, Canis_familiaris.ENSCAFP00000040748, Gallus_gallus.ENSGALP00000071657, Tetraodon_nigroviridis.ENSTNIP00000000470
RefOG003	10	50	147	694	566	586	Gallus_gallus.ENSGALP00000008868, Pan_troglodytes.ENSPTRP00000011370, Rattus_norvegicus.ENSRNOP00000060663, Homo_sapiens.ENSP00000397655, Gallus_gallus.ENSGALP00000059321, Canis_familiaris.ENSCAFP00000025970, Rattus_norvegicus.ENSRNOP00000057236, Gallus_gallus.ENSGALP00000014312, Monodelphis_domestica.ENSMODP00000044329, Tetraodon_nigroviridis.ENSTNIP00000021658, Danio_rerio.ENSDARP00000150851, Monodelphis_domestica.ENSMODP00000028428, Ciona_intestinalis.ENSCINP00000017539, Danio_rerio.ENSDARP00000127227, Pan_troglodytes.ENSPTRP00000033631, Tetraodon_nigroviridis.ENSTNIP00000007468, Pan_troglodytes.ENSPTRP00000081641, Canis_familiaris.ENSCAFP00000011747, Homo_sapiens.ENSP00000499751, Danio_rerio.ENSDARP00000146405, Tetraodon_nigroviridis.ENSTNIP00000020643, Gallus_gallus.ENSGALP00000017666, Rattus_norvegicus.ENSRNOP00000017995, Rattus_norvegicus.ENSRNOP00000071182, Canis_familiaris.ENSCAFP00000003986, Danio_rerio.ENSDARP00000012869, Tetraodon_nigroviridis.ENSTNIP00000020505, Homo_sapiens.ENSP00000480388, Danio_rerio.ENSDARP00000151817, Danio_rerio.ENSDARP00000130867, Monodelphis_domestica.ENSMODP00000002800, Mus_musculus.ENSMUSP00000021617, Danio_rerio.ENSDARP00000151401, Homo_sapiens.ENSP00000451575, Mus_musculus.ENSMUSP00000155147, Tetraodon_nigroviridis.ENSTNIP00000013317, Homo_sapiens.ENSP00000419199, Mus_musculus.ENSMUSP00000031696, Canis_familiaris.ENSCAFP00000044251, Danio_rerio.ENSDARP00000142281, Rattus_norvegicus.ENSRNOP00000070875, Mus_musculus.ENSMUSP00000087810, Monodelphis_domestica.ENSMODP00000000114, Danio_rerio.ENSDARP00000143738, Danio_rerio.ENSDARP00000117664, Danio_rerio.ENSDARP00000148698, Danio_rerio.ENSDARP00000114637, Tetraodon_nigroviridis.ENSTNIP00000002256, Mus_musculus.ENSMUSP00000144900, Pan_troglodytes.ENSPTRP00000068816
RefOG056	9	9	127	2034	1460	1459	Drosophila_melanogaster.FBpp0073951, Homo_sapiens.ENSP00000278935, Pan_troglodytes.ENSPTRP00000007418, Monodelphis_domestica.ENSMODP00000017111, Rattus_norvegicus.ENSRNOP00000066074, Tetraodon_nigroviridis.ENSTNIP00000017372, Gallus_gallus.ENSGALP00000011817, Canis_familiaris.ENSCAFP00000019200, Mus_musculus.ENSMUSP00000149815
RefOG020	12	28	170	1847	1571	1690	Pan_troglodytes.ENSPTRP00000048691, Gallus_gallus.ENSGALP00000072403, Gallus_gallus.ENSGALP00000065392, Caenorhabditis_elegans.WBGene00002280.1, Danio_rerio.ENSDARP00000135982, Homo_sapiens.ENSP00000353654, Rattus_norvegicus.ENSRNOP00000074055, Tetraodon_nigroviridis.ENSTNIP00000002564, Pan_troglodytes.ENSPTRP00000058373, Ciona_intestinalis.ENSCINP00000016017, Homo_sapiens.ENSP00000378340, Canis_familiaris.ENSCAFP00000015315, Canis_familiaris.ENSCAFP00000009112, Mus_musculus.ENSMUSP00000098765, Mus_musculus.ENSMUSP00000155180, Mus_musculus.ENSMUSP00000033899, Pan_troglodytes.ENSPTRP00000070019, Homo_sapiens.ENSP00000379866, Rattus_norvegicus.ENSRNOP00000073623, Drosophila_melanogaster.FBpp0078640, Danio_rerio.ENSDARP00000129072, Monodelphis_domestica.ENSMODP00000054906, Gallus_gallus.ENSGALP00000007904, Rattus_norvegicus.ENSRNOP00000054270, Danio_rerio.ENSDARP00000105937, Canis_familiaris.ENSCAFP00000037428, Tetraodon_nigroviridis.ENSTNIP00000008199, Mus_musculus.ENSMUSP00000084282
RefOG011	11	94	129	829	447	478	Mus_musculus.ENSMUSP00000159206, Canis_familiaris.ENSCAFP00000010887, Canis_familiaris.ENSCAFP00000054310, Tetraodon_nigroviridis.ENSTNIP00000005555, Homo_sapiens.ENSP00000217407, Rattus_norvegicus.ENSRNOP00000020713, Homo_sapiens.ENSP00000364562, Mus_musculus.ENSMUSP00000046080, Pan_troglodytes.ENSPTRP00000092888, Gallus_gallus.ENSGALP00000056066, Homo_sapiens.ENSP00000344929, Canis_familiaris.ENSCAFP00000053048, Mus_musculus.ENSMUSP00000086342, Homo_sapiens.ENSP00000170150, Homo_sapiens.ENSP00000262865, Pan_troglodytes.ENSPTRP00000023152, Mus_musculus.ENSMUSP00000028985, Homo_sapiens.ENSP00000364643, Homo_sapiens.ENSP00000253354, Rattus_norvegicus.ENSRNOP00000038379, Pan_troglodytes.ENSPTRP00000022962, Canis_familiaris.ENSCAFP00000010917, Rattus_norvegicus.ENSRNOP00000016431, Canis_familiaris.ENSCAFP00000010910, Rattus_norvegicus.ENSRNOP00000019787, Mus_musculus.ENSMUSP00000046683, Rattus_norvegicus.ENSRNOP00000052209, Rattus_norvegicus.ENSRNOP00000018226, Gallus_gallus.ENSGALP00000071616, Mus_musculus.ENSMUSP00000028984, Homo_sapiens.ENSP00000200676, Monodelphis_domestica.ENSMODP00000030671, Homo_sapiens.ENSP00000364603, Pan_troglodytes.ENSPTRP00000042215, Rattus_norvegicus.ENSRNOP00000017876, Monodelphis_domestica.ENSMODP00000017144, Rattus_norvegicus.ENSRNOP00000018581, Pan_troglodytes.ENSPTRP00000022948, Mus_musculus.ENSMUSP00000086347, Mus_musculus.ENSMUSP00000028986, Pan_troglodytes.ENSPTRP00000052264, Rattus_norvegicus.ENSRNOP00000032123, Monodelphis_domestica.ENSMODP00000000058, Monodelphis_domestica.ENSMODP00000000053, Pan_troglodytes.ENSPTRP00000022947, Gallus_gallus.ENSGALP00000056121, Canis_familiaris.ENSCAFP00000035668, Homo_sapiens.ENSP00000361508, Pan_troglodytes.ENSPTRP00000022959, Pan_troglodytes.ENSPTRP00000024606, Monodelphis_domestica.ENSMODP00000056473, Gallus_gallus.ENSGALP00000038462, Caenorhabditis_elegans.WBGene00015545.1, Pan_troglodytes.ENSPTRP00000067809, Canis_familiaris.ENSCAFP00000056303, Homo_sapiens.ENSP00000501266, Monodelphis_domestica.ENSMODP00000000214, Mus_musculus.ENSMUSP00000063107, Canis_familiaris.ENSCAFP00000013086, Ciona_intestinalis.ENSCINP00000025896, Rattus_norvegicus.ENSRNOP00000052216, Danio_rerio.ENSDARP00000131164, Mus_musculus.ENSMUSP00000067837, Mus_musculus.ENSMUSP00000104939, Gallus_gallus.ENSGALP00000010763, Pan_troglodytes.ENSPTRP00000023154, Tetraodon_nigroviridis.ENSTNIP00000010150, Tetraodon_nigroviridis.ENSTNIP00000000293, Canis_familiaris.ENSCAFP00000010902, Canis_familiaris.ENSCAFP00000010879, Mus_musculus.ENSMUSP00000016168, Rattus_norvegicus.ENSRNOP00000018512, Canis_familiaris.ENSCAFP00000010978, Caenorhabditis_elegans.WBGene00007325.1, Danio_rerio.ENSDARP00000139184, Monodelphis_domestica.ENSMODP00000038592, Mus_musculus.ENSMUSP00000080501, Monodelphis_domestica.ENSMODP00000045835, Canis_familiaris.ENSCAFP00000051263, Pan_troglodytes.ENSPTRP00000055611, Rattus_norvegicus.ENSRNOP00000022594, Gallus_gallus.ENSGALP00000010903, Homo_sapiens.ENSP00000253362, Gallus_gallus.ENSGALP00000045600, Pan_troglodytes.ENSPTRP00000046582, Rattus_norvegicus.ENSRNOP00000047586, Canis_familiaris.ENSCAFP00000014457, Rattus_norvegicus.ENSRNOP00000049523, Canis_familiaris.ENSCAFP00000010928, Pan_troglodytes.ENSPTRP00000087924, Homo_sapiens.ENSP00000380594, Mus_musculus.ENSMUSP00000028983, Monodelphis_domestica.ENSMODP00000000170, Gallus_gallus.ENSGALP00000067696
RefOG052	10	15	205	967	740	815	Monodelphis_domestica.ENSMODP00000002515, Danio_rerio.ENSDARP00000025601, Danio_rerio.ENSDARP00000119088, Pan_troglodytes.ENSPTRP00000001807, Canis_familiaris.ENSCAFP00000048566, Tetraodon_nigroviridis.ENSTNIP00000013946, Danio_rerio.ENSDARP00000131691, Tetraodon_nigroviridis.ENSTNIP00000018191, Danio_rerio.ENSDARP00000073048, Rattus_norvegicus.ENSRNOP00000051102, Mus_musculus.ENSMUSP00000123564, Homo_sapiens.ENSP00000256637, Ciona_intestinalis.ENSCINP00000033251, Gallus_gallus.ENSGALP00000066916, Tetraodon_nigroviridis.ENSTNIP00000010080
RefOG062	11	11	524	634	613	627	Ciona_intestinalis.ENSCINP00000002909, Mus_musculus.ENSMUSP00000029651, Rattus_norvegicus.ENSRNOP00000073658, Pan_troglodytes.ENSPTRP00000045717, Canis_familiaris.ENSCAFP00000016075, Gallus_gallus.ENSGALP00000017187, Tetraodon_nigroviridis.ENSTNIP00000021197, Monodelphis_domestica.ENSMODP00000025799, Homo_sapiens.ENSP00000422354, Drosophila_melanogaster.FBpp0080676, Danio_rerio.ENSDARP00000116055
RefOG054	12	44	79	751	523	530	Pan_troglodytes.ENSPTRP00000071832, Pan_troglodytes.ENSPTRP00000080305, Caenorhabditis_elegans.WBGene00016419.1, Danio_rerio.ENSDARP00000050527, Gallus_gallus.ENSGALP00000027812, Monodelphis_domestica.ENSMODP00000003356, Drosophila_melanogaster.FBpp0291497, Gallus_gallus.ENSGALP00000035733, Tetraodon_nigroviridis.ENSTNIP00000012844, Ciona_intestinalis.ENSCINP00000035497, Canis_familiaris.ENSCAFP00000007942, Monodelphis_domestica.ENSMODP00000011738, Rattus_norvegicus.ENSRNOP00000041764, Drosophila_melanogaster.FBpp0291496, Ciona_intestinalis.ENSCINP00000002932, Caenorhabditis_elegans.WBGene00015332.1, Homo_sapiens.ENSP00000263321, Ciona_intestinalis.ENSCINP00000025552, Ciona_intestinalis.ENSCINP00000025546, Rattus_norvegicus.ENSRNOP00000021971, Danio_rerio.ENSDARP00000073055, Ciona_intestinalis.ENSCINP00000010295, Gallus_gallus.ENSGALP00000037537, Ciona_intestinalis.ENSCINP00000008838, Ciona_intestinalis.ENSCINP00000010070, Caenorhabditis_elegans.WBGene00009001.1, Mus_musculus.ENSMUSP00000022725, Tetraodon_nigroviridis.ENSTNIP00000014259, Homo_sapiens.ENSP00000373570, Tetraodon_nigroviridis.ENSTNIP00000008359, Caenorhabditis_elegans.WBGene00021553.1, Caenorhabditis_elegans.WBGene00010661.1, Ciona_intestinalis.ENSCINP00000018374, Mus_musculus.ENSMUSP00000099895, Canis_familiaris.ENSCAFP00000006504, Pan_troglodytes.ENSPTRP00000007149, Homo_sapiens.ENSP00000392762, Danio_rerio.ENSDARP00000110477, Mus_musculus.ENSMUSP00000004770, Caenorhabditis_elegans.WBGene00022231.1, Danio_rerio.ENSDARP00000111575, Monodelphis_domestica.ENSMODP00000018820, Ciona_intestinalis.ENSCINP00000019001, Tetraodon_nigroviridis.ENSTNIP00000001461
RefOG060	11	68	104	447	319	320	Danio_rerio.ENSDARP00000041387, Danio_rerio.ENSDARP00000098491, Monodelphis_domestica.ENSMODP00000044818, Mus_musculus.ENSMUSP00000144569, Canis_familiaris.ENSCAFP00000043873, Mus_musculus.ENSMUSP00000021066, Canis_familiaris.ENSCAFP00000041557, Monodelphis_domestica.ENSMODP00000020393, Danio_rerio.ENSDARP00000122486, Pan_troglodytes.ENSPTRP00000013481, Gallus_gallus.ENSGALP00000006216, Rattus_norvegicus.ENSRNOP00000069074, Homo_sapiens.ENSP00000005284, Mus_musculus.ENSMUSP00000090567, Tetraodon_nigroviridis.ENSTNIP00000014563, Tetraodon_nigroviridis.ENSTNIP00000021358, Canis_familiaris.ENSCAFP00000036147, Pan_troglodytes.ENSPTRP00000024653, Pan_troglodytes.ENSPTRP00000048500, Pan_troglodytes.ENSPTRP00000016239, Tetraodon_nigroviridis.ENSTNIP00000014204, Danio_rerio.ENSDARP00000118548, Tetraodon_nigroviridis.ENSTNIP00000021357, Gallus_gallus.ENSGALP00000072719, Danio_rerio.ENSDARP00000099217, Homo_sapiens.ENSP00000436836, Canis_familiaris.ENSCAFP00000061579, Danio_rerio.ENSDARP00000024358, Tetraodon_nigroviridis.ENSTNIP00000022009, Pan_troglodytes.ENSPTRP00000077368, Monodelphis_domestica.ENSMODP00000036263, Mus_musculus.ENSMUSP00000138618, Tetraodon_nigroviridis.ENSTNIP00000010928, Caenorhabditis_elegans.WBGene00017400.1, Gallus_gallus.ENSGALP00000056198, Mus_musculus.ENSMUSP00000019290, Homo_sapiens.ENSP00000300105, Danio_rerio.ENSDARP00000152488, Danio_rerio.ENSDARP00000136308, Gallus_gallus.ENSGALP00000043241, Drosophila_melanogaster.FBpp0076940, Tetraodon_nigroviridis.ENSTNIP00000017140, Caenorhabditis_elegans.WBGene00007670.1, Rattus_norvegicus.ENSRNOP00000004383, Canis_familiaris.ENSCAFP00000066699, Mus_musculus.ENSMUSP00000047888, Rattus_norvegicus.ENSRNOP00000075354, Mus_musculus.ENSMUSP00000081664, Gallus_gallus.ENSGALP00000070440, Tetraodon_nigroviridis.ENSTNIP00000010929, Tetraodon_nigroviridis.ENSTNIP00000004552, Danio_rerio.ENSDARP00000119475, Danio_rerio.ENSDARP00000155289, Rattus_norvegicus.ENSRNOP00000004578, Danio_rerio.ENSDARP00000128562, Canis_familiaris.ENSCAFP00000039820, Rattus_norvegicus.ENSRNOP00000008414, Tetraodon_nigroviridis.ENSTNIP00000008143, Homo_sapiens.ENSP00000375647, Mus_musculus.ENSMUSP00000137710, Pan_troglodytes.ENSPTRP00000019652, Rattus_norvegicus.ENSRNOP00000016632, Danio_rerio.ENSDARP00000115063, Tetraodon_nigroviridis.ENSTNIP00000000351, Homo_sapiens.ENSP00000262138, Tetraodon_nigroviridis.ENSTNIP00000014905, Homo_sapiens.ENSP00000270458, Gallus_gallus.ENSGALP00000058205
RefOG009	12	23	598	3375	2691	3075	Gallus_gallus.ENSGALP00000036103, Ciona_intestinalis.ENSCINP00000016161, Mus_musculus.ENSMUSP00000090304, Mus_musculus.ENSMUSP00000043957, Rattus_norvegicus.ENSRNOP00000070049, Danio_rerio.ENSDARP00000135371, Monodelphis_domestica.ENSMODP00000042084, Homo_sapiens.ENSP00000374309, Pan_troglodytes.ENSPTRP00000031732, Rattus_norvegicus.ENSRNOP00000023224, Monodelphis_domestica.ENSMODP00000040336, Homo_sapiens.ENSP00000400365, Drosophila_melanogaster.FBpp0291871, Gallus_gallus.ENSGALP00000064934, Caenorhabditis_elegans.WBGene00002248.1, Canis_familiaris.ENSCAFP00000027440, Tetraodon_nigroviridis.ENSTNIP00000016514, Pan_troglodytes.ENSPTRP00000085556, Canis_familiaris.ENSCAFP00000031428, Danio_rerio.ENSDARP00000131993, Danio_rerio.ENSDARP00000145314, Gallus_gallus.ENSGALP00000066070, Tetraodon_nigroviridis.ENSTNIP00000019514
RefOG027	11	20	290	674	383	372	Rattus_norvegicus.ENSRNOP00000016857, Monodelphis_domestica.ENSMODP00000015177, Pan_troglodytes.ENSPTRP00000032664, Danio_rerio.ENSDARP00000152543, Danio_rerio.ENSDARP00000010065, Mus_musculus.ENSMUSP00000027263, Gallus_gallus.ENSGALP00000056836, Tetraodon_nigroviridis.ENSTNIP00000021009, Danio_rerio.ENSDARP00000005376, Drosophila_melanogaster.FBpp0309256, Tetraodon_nigroviridis.ENSTNIP00000022142, Tetraodon_nigroviridis.ENSTNIP00000014654, Pan_troglodytes.ENSPTRP00000021817, Homo_sapiens.ENSP00000319192, Gallus_gallus.ENSGALP00000066262, Danio_rerio.ENSDARP00000067763, Canis_familiaris.ENSCAFP00000005183, Homo_sapiens.ENSP00000263955, Ciona_intestinalis.ENSCINP00000027245, Canis_familiaris.ENSCAFP00000015677
RefOG070	12	13	428	507	435	428	Gallus_gallus.ENSGALP00000004141, Canis_familiaris.ENSCAFP00000030390, Drosophila_melanogaster.FBpp0078414, Danio_rerio.ENSDARP00000054625, Rattus_norvegicus.ENSRNOP00000071791, Monodelphis_domestica.ENSMODP00000013319, Homo_sapiens.ENSP00000302967, Danio_rerio.ENSDARP00000135487, Caenorhabditis_elegans.WBGene00001835.1, Tetraodon_nigroviridis.ENSTNIP00000013021, Mus_musculus.ENSMUSP00000037981, Ciona_intestinalis.ENSCINP00000004801, Pan_troglodytes.ENSPTRP00000029652
RefOG007	9	57	309	3080	923	693	Rattus_norvegicus.ENSRNOP00000071610, Danio_rerio.ENSDARP00000120943, Monodelphis_domestica.ENSMODP00000021319, Tetraodon_nigroviridis.ENSTNIP00000013030, Rattus_norvegicus.ENSRNOP00000029263, Homo_sapiens.ENSP00000377699, Canis_familiaris.ENSCAFP00000012769, Tetraodon_nigroviridis.ENSTNIP00000019961, Mus_musculus.ENSMUSP00000116634, Mus_musculus.ENSMUSP00000158717, Mus_musculus.ENSMUSP00000051079, Tetraodon_nigroviridis.ENSTNIP00000007341, Danio_rerio.ENSDARP00000154795, Canis_familiaris.ENSCAFP00000050615, Gallus_gallus.ENSGALP00000001725, Monodelphis_domestica.ENSMODP00000017522, Tetraodon_nigroviridis.ENSTNIP00000013027, Pan_troglodytes.ENSPTRP00000072301, Danio_rerio.ENSDARP00000155319, Gallus_gallus.ENSGALP00000010309, Rattus_norvegicus.ENSRNOP00000039239, Monodelphis_domestica.ENSMODP00000060486, Pan_troglodytes.ENSPTRP00000084092, Monodelphis_domestica.ENSMODP00000017533, Tetraodon_nigroviridis.ENSTNIP00000012908, Canis_familiaris.ENSCAFP00000012793, Gallus_gallus.ENSGALP00000022368, Homo_sapiens.ENSP00000456794, Monodelphis_domestica.ENSMODP00000051618, Homo_sapiens.ENSP00000356581, Danio_rerio.ENSDARP00000142495, Pan_troglodytes.ENSPTRP00000054569, Canis_familiaris.ENSCAFP00000012785, Gallus_gallus.ENSGALP00000049008, Rattus_norvegicus.ENSRNOP00000057982, Gallus_gallus.ENSGALP00000050330, Danio_rerio.ENSDARP00000115692, Pan_troglodytes.ENSPTRP00000042713, Mus_musculus.ENSMUSP00000108019, Tetraodon_nigroviridis.ENSTNIP00000016620, Danio_rerio.ENSDARP00000124010, Pan_troglodytes.ENSPTRP00000041054, Danio_rerio.ENSDARP00000101005, Pan_troglodytes.ENSPTRP00000092276, Canis_familiaris.ENSCAFP00000016093, Danio_rerio.ENSDARP00000121957, Canis_familiaris.ENSCAFP00000052220, Tetraodon_nigroviridis.ENSTNIP00000002924, Danio_rerio.ENSDARP00000107322, Mus_musculus.ENSMUSP00000132628, Homo_sapiens.ENSP00000332900, Rattus_norvegicus.ENSRNOP00000020062, Tetraodon_nigroviridis.ENSTNIP00000021388, Mus_musculus.ENSMUSP00000137520, Homo_sapiens.ENSP00000369198, Danio_rerio.ENSDARP00000060709, Homo_sapiens.ENSP00000290823
RefOG059	10	10	1250	1341	1298	1298	Danio_rerio.ENSDARP00000122813, Homo_sapiens.ENSP00000275159, Monodelphis_domestica.ENSMODP00000046619, Ciona_intestinalis.ENSCINP00000014439, Mus_musculus.ENSMUSP00000097328, Rattus_norvegicus.ENSRNOP00000001051, Gallus_gallus.ENSGALP00000023954, Canis_familiaris.ENSCAFP00000057847, Tetraodon_nigroviridis.ENSTNIP00000022344, Pan_troglodytes.ENSPTRP00000093050
RefOG046	11	32	57	113	86	92	Danio_rerio.ENSDARP00000149337, Canis_familiaris.ENSCAFP00000065560, Canis_familiaris.ENSCAFP00000037138, Monodelphis_domestica.ENSMODP00000037042, Pan_troglodytes.ENSPTRP00000088767, Rattus_norvegicus.ENSRNOP00000042454, Rattus_norvegicus.ENSRNOP00000004303, Pan_troglodytes.ENSPTRP00000093619, Caenorhabditis_elegans.WBGene00004456.1, Canis_familiaris.ENSCAFP00000034989, Rattus_norvegicus.ENSRNOP00000047513, Monodelphis_domestica.ENSMODP00000049610, Canis_familiaris.ENSCAFP00000043258, Monodelphis_domestica.ENSMODP00000042208, Rattus_norvegicus.ENSRNOP00000033369, Canis_familiaris.ENSCAFP00000056019, Homo_sapiens.ENSP00000418082, Canis_familiaris.ENSCAFP00000055696, Pan_troglodytes.ENSPTRP00000093378, Canis_familiaris.ENSCAFP00000052086, Drosophila_melanogaster.FBpp0078655, Canis_familiaris.ENSCAFP00000047743, Ciona_intestinalis.ENSCINP00000024072, Monodelphis_domestica.ENSMODP00000056480, Canis_familiaris.ENSCAFP00000061445, Monodelphis_domestica.ENSMODP00000059229, Monodelphis_domestica.ENSMODP00000058728, Mus_musculus.ENSMUSP00000058919, Tetraodon_nigroviridis.ENSTNIP00000010730, Canis_familiaris.ENSCAFP00000058366, Canis_familiaris.ENSCAFP00000052309, Canis_familiaris.ENSCAFP00000066500
RefOG057	12	16	125	399	258	253	Mus_musculus.ENSMUSP00000124554, Tetraodon_nigroviridis.ENSTNIP00000020711, Danio_rerio.ENSDARP00000072465, Mus_musculus.ENSMUSP00000159150, Monodelphis_domestica.ENSMODP00000045994, Tetraodon_nigroviridis.ENSTNIP00000021505, Danio_rerio.ENSDARP00000147427, Rattus_norvegicus.ENSRNOP00000074705, Gallus_gallus.ENSGALP00000048776, Danio_rerio.ENSDARP00000155511, Ciona_intestinalis.ENSCINP00000025558, Pan_troglodytes.ENSPTRP00000002323, Caenorhabditis_elegans.WBGene00044438.1, Canis_familiaris.ENSCAFP00000062230, Drosophila_melanogaster.FBpp0086203, Homo_sapiens.ENSP00000357507
RefOG053	11	13	410	1262	894	893	Drosophila_melanogaster.FBpp0297348, Monodelphis_domestica.ENSMODP00000048755, Tetraodon_nigroviridis.ENSTNIP00000021045, Canis_familiaris.ENSCAFP00000016488, Mus_musculus.ENSMUSP00000142109, Rattus_norvegicus.ENSRNOP00000026327, Gallus_gallus.ENSGALP00000073380, Pan_troglodytes.ENSPTRP00000025763, Ciona_intestinalis.ENSCINP00000018986, Gallus_gallus.ENSGALP00000051570, Tetraodon_nigroviridis.ENSTNIP00000007942, Danio_rerio.ENSDARP00000106371, Homo_sapiens.ENSP00000312435
RefOG044	11	14	109	681	534	600	Gallus_gallus.ENSGALP00000012517, Mus_musculus.ENSMUSP00000003620, Rattus_norvegicus.ENSRNOP00000002576, Caenorhabditis_elegans.WBGene00007197.1, Canis_familiaris.ENSCAFP00000059509, Homo_sapiens.ENSP00000349577, Danio_rerio.ENSDARP00000108900, Danio_rerio.ENSDARP00000085764, Mus_musculus.ENSMUSP00000149861, Drosophila_melanogaster.FBpp0076904, Homo_sapiens.ENSP00000481127, Pan_troglodytes.ENSPTRP00000078153, Tetraodon_nigroviridis.ENSTNIP00000011923, Monodelphis_domestica.ENSMODP00000046488
RefOG034	10	21	275	459	288	277	Danio_rerio.ENSDARP00000132762, Mus_musculus.ENSMUSP00000047712, Homo_sapiens.ENSP00000290349, Gallus_gallus.ENSGALP00000064702, Monodelphis_domestica.ENSMODP00000037994, Rattus_norvegicus.ENSRNOP00000043385, Homo_sapiens.ENSP00000290354, Danio_rerio.ENSDARP00000024104, Mus_musculus.ENSMUSP00000147517, Monodelphis_domestica.ENSMODP00000044951, Ciona_intestinalis.ENSCINP00000030937, Tetraodon_nigroviridis.ENSTNIP00000012764, Pan_troglodytes.ENSPTRP00000023898, Monodelphis_domestica.ENSMODP00000043880, Canis_familiaris.ENSCAFP00000021331, Rattus_norvegicus.ENSRNOP00000051107, Rattus_norvegicus.ENSRNOP00000073686, Rattus_norvegicus.ENSRNOP00000002310, Mus_musculus.ENSMUSP00000049394, Canis_familiaris.ENSCAFP00000014164, Pan_troglodytes.ENSPTRP00000023900
RefOG042	11	11	157	312	212	200	Tetraodon_nigroviridis.ENSTNIP00000010028, Gallus_gallus.ENSGALP00000065695, Drosophila_melanogaster.FBpp0081772, Ciona_intestinalis.ENSCINP00000024927, Pan_troglodytes.ENSPTRP00000039163, Monodelphis_domestica.ENSMODP00000043783, Canis_familiaris.ENSCAFP00000047494, Rattus_norvegicus.ENSRNOP00000061871, Homo_sapiens.ENSP00000347324, Danio_rerio.ENSDARP00000122154, Mus_musculus.ENSMUSP00000089781
RefOG040	12	13	175	2211	1858	2198	Homo_sapiens.ENSP00000358159, Tetraodon_nigroviridis.ENSTNIP00000007744, Monodelphis_domestica.ENSMODP00000022547, Drosophila_melanogaster.FBpp0082601, Canis_familiaris.ENSCAFP00000005292, Ciona_intestinalis.ENSCINP00000031503, Caenorhabditis_elegans.WBGene00013189.1, Rattus_norvegicus.ENSRNOP00000053848, Ciona_intestinalis.ENSCINP00000033683, Danio_rerio.ENSDARP00000106925, Mus_musculus.ENSMUSP00000036726, Gallus_gallus.ENSGALP00000024889, Pan_troglodytes.ENSPTRP00000031510
RefOG067	12	13	124	312	145	125	Danio_rerio.ENSDARP00000058324, Caenorhabditis_elegans.WBGene00022402.1, Mus_musculus.ENSMUSP00000029698, Pan_troglodytes.ENSPTRP00000079066, Ciona_intestinalis.ENSCINP00000023727, Homo_sapiens.ENSP00000357285, Rattus_norvegicus.ENSRNOP00000026974, Pan_troglodytes.ENSPTRP00000002442, Tetraodon_nigroviridis.ENSTNIP00000006614, Monodelphis_domestica.ENSMODP00000043890, Drosophila_melanogaster.FBpp0085873, Canis_familiaris.ENSCAFP00000058079, Gallus_gallus.ENSGALP00000058190
RefOG016	11	25	458	1257	673	648	Mus_musculus.ENSMUSP00000099162, Pan_troglodytes.ENSPTRP00000079435, Homo_sapiens.ENSP00000339916, Gallus_gallus.ENSGALP00000039786, Rattus_norvegicus.ENSRNOP00000026032, Monodelphis_domestica.ENSMODP00000017313, Mus_musculus.ENSMUSP00000015137, Danio_rerio.ENSDARP00000087617, Monodelphis_domestica.ENSMODP00000012063, Canis_familiaris.ENSCAFP00000061863, Tetraodon_nigroviridis.ENSTNIP00000018947, Drosophila_melanogaster.FBpp0073493, Pan_troglodytes.ENSPTRP00000092352, Tetraodon_nigroviridis.ENSTNIP00000007193, Gallus_gallus.ENSGALP00000011249, Pan_troglodytes.ENSPTRP00000049722, Danio_rerio.ENSDARP00000021697, Danio_rerio.ENSDARP00000132730, Homo_sapiens.ENSP00000409717, Tetraodon_nigroviridis.ENSTNIP00000008535, Rattus_norvegicus.ENSRNOP00000001996, Tetraodon_nigroviridis.ENSTNIP00000007192, Tetraodon_nigroviridis.ENSTNIP00000005896, Ciona_intestinalis.ENSCINP00000005959, Canis_familiaris.ENSCAFP00000018366
RefOG035	9	32	145	2327	1995	2261	Tetraodon_nigroviridis.ENSTNIP00000011588, Tetraodon_nigroviridis.ENSTNIP00000014255, Danio_rerio.ENSDARP00000143169, Tetraodon_nigroviridis.ENSTNIP00000009116, Canis_familiaris.ENSCAFP00000052429, Gallus_gallus.ENSGALP00000024845, Tetraodon_nigroviridis.ENSTNIP00000009502, Danio_rerio.ENSDARP00000103740, Tetraodon_nigroviridis.ENSTNIP00000001889, Monodelphis_domestica.ENSMODP00000005823, Pan_troglodytes.ENSPTRP00000063044, Danio_rerio.ENSDARP00000113256, Danio_rerio.ENSDARP00000051555, Gallus_gallus.ENSGALP00000047036, Homo_sapiens.ENSP00000359245, Monodelphis_domestica.ENSMODP00000020336, Canis_familiaris.ENSCAFP00000029034, Pan_troglodytes.ENSPTRP00000062840, Mus_musculus.ENSMUSP00000030010, Gallus_gallus.ENSGALP00000009224, Mus_musculus.ENSMUSP00000013995, Danio_rerio.ENSDARP00000132417, Mus_musculus.ENSMUSP00000128121, Rattus_norvegicus.ENSRNOP00000017878, Homo_sapiens.ENSP00000263094, Rattus_norvegicus.ENSRNOP00000063805, Canis_familiaris.ENSCAFP00000004971, Homo_sapiens.ENSP00000363868, Danio_rerio.ENSDARP00000123162, Tetraodon_nigroviridis.ENSTNIP00000017917, Rattus_norvegicus.ENSRNOP00000024564, Pan_troglodytes.ENSPTRP00000062700
RefOG026	12	43	382	1157	816	809	Danio_rerio.ENSDARP00000143805, Canis_familiaris.ENSCAFP00000048068, Pan_troglodytes.ENSPTRP00000089151, Danio_rerio.ENSDARP00000124761, Gallus_gallus.ENSGALP00000001710, Monodelphis_domestica.ENSMODP00000010602, Drosophila_melanogaster.FBpp0075520, Pan_troglodytes.ENSPTRP00000030013, Rattus_norvegicus.ENSRNOP00000072062, Ciona_intestinalis.ENSCINP00000001598, Homo_sapiens.ENSP00000339824, Tetraodon_nigroviridis.ENSTNIP00000002998, Monodelphis_domestica.ENSMODP00000043120, Gallus_gallus.ENSGALP00000046610, Homo_sapiens.ENSP00000410294, Pan_troglodytes.ENSPTRP00000065828, Mus_musculus.ENSMUSP00000136640, Mus_musculus.ENSMUSP00000005452, Canis_familiaris.ENSCAFP00000061374, Mus_musculus.ENSMUSP00000112430, Monodelphis_domestica.ENSMODP00000050992, Danio_rerio.ENSDARP00000069743, Caenorhabditis_elegans.WBGene00001184.1, Tetraodon_nigroviridis.ENSTNIP00000016596, Danio_rerio.ENSDARP00000013742, Gallus_gallus.ENSGALP00000045192, Danio_rerio.ENSDARP00000127500, Rattus_norvegicus.ENSRNOP00000043459, Canis_familiaris.ENSCAFP00000009012, Gallus_gallus.ENSGALP00000025286, Drosophila_melanogaster.FBpp0082970, Homo_sapiens.ENSP00000292408, Canis_familiaris.ENSCAFP00000024307, Rattus_norvegicus.ENSRNOP00000059005, Homo_sapiens.ENSP00000393312, Mus_musculus.ENSMUSP00000110053, Tetraodon_nigroviridis.ENSTNIP00000022035, Tetraodon_nigroviridis.ENSTNIP00000010448, Rattus_norvegicus.ENSRNOP00000050988, Danio_rerio.ENSDARP00000011898, Monodelphis_domestica.ENSMODP00000013335, Pan_troglodytes.ENSPTRP00000005308, Tetraodon_nigroviridis.ENSTNIP00000016409
RefOG045	12	13	298	809	678	735	Ciona_intestinalis.ENSCINP00000018749, Caenorhabditis_elegans.WBGene00000991.1, Homo_sapiens.ENSP00000411960, Mus_musculus.ENSMUSP00000025385, Monodelphis_domestica.ENSMODP00000016942, Rattus_norvegicus.ENSRNOP00000070792, Canis_familiaris.ENSCAFP00000055260, Tetraodon_nigroviridis.ENSTNIP00000019803, Caenorhabditis_elegans.WBGene00017123.1, Pan_troglodytes.ENSPTRP00000063555, Danio_rerio.ENSDARP00000136011, Gallus_gallus.ENSGALP00000003418, Drosophila_melanogaster.FBpp0073988
RefOG064	12	15	155	949	471	431	Canis_familiaris.ENSCAFP00000000734, Ciona_intestinalis.ENSCINP00000001689, Caenorhabditis_elegans.WBGene00008934.1, Homo_sapiens.ENSP00000341324, Monodelphis_domestica.ENSMODP00000038097, Pan_troglodytes.ENSPTRP00000029375, Rattus_norvegicus.ENSRNOP00000020030, Drosophila_melanogaster.FBpp0087322, Drosophila_melanogaster.FBpp0081540, Mus_musculus.ENSMUSP00000025406, Gallus_gallus.ENSGALP00000008505, Ciona_intestinalis.ENSCINP00000033523, Caenorhabditis_elegans.WBGene00010139.1, Tetraodon_nigroviridis.ENSTNIP00000012132, Danio_rerio.ENSDARP00000098626
RefOG048	11	40	78	1247	153	84	Pan_troglodytes.ENSPTRP00000077042, Canis_familiaris.ENSCAFP00000052574, Pan_troglodytes.ENSPTRP00000069586, Mus_musculus.ENSMUSP00000132102, Gallus_gallus.ENSGALP00000045617, Canis_familiaris.ENSCAFP00000042906, Rattus_norvegicus.ENSRNOP00000022897, Rattus_norvegicus.ENSRNOP00000073014, Homo_sapiens.ENSP00000453764, Canis_familiaris.ENSCAFP00000065740, Monodelphis_domestica.ENSMODP00000021571, Gallus_gallus.ENSGALP00000065928, Tetraodon_nigroviridis.ENSTNIP00000021486, Drosophila_melanogaster.FBpp0293236, Rattus_norvegicus.ENSRNOP00000074727, Pan_troglodytes.ENSPTRP00000075709, Homo_sapiens.ENSP00000499044, Pan_troglodytes.ENSPTRP00000091617, Pan_troglodytes.ENSPTRP00000055354, Danio_rerio.ENSDARP00000072300, Rattus_norvegicus.ENSRNOP00000068335, Rattus_norvegicus.ENSRNOP00000033162, Canis_familiaris.ENSCAFP00000036474, Pan_troglodytes.ENSPTRP00000082703, Danio_rerio.ENSDARP00000140190, Tetraodon_nigroviridis.ENSTNIP00000011235, Pan_troglodytes.ENSPTRP00000066134, Mus_musculus.ENSMUSP00000060523, Pan_troglodytes.ENSPTRP00000081657, Monodelphis_domestica.ENSMODP00000053445, Mus_musculus.ENSMUSP00000120518, Pan_troglodytes.ENSPTRP00000002306, Canis_familiaris.ENSCAFP00000066322, Rattus_norvegicus.ENSRNOP00000071243, Canis_familiaris.ENSCAFP00000049493, Pan_troglodytes.ENSPTRP00000092483, Danio_rerio.ENSDARP00000029079, Rattus_norvegicus.ENSRNOP00000066362, Caenorhabditis_elegans.WBGene00004496.1, Canis_familiaris.ENSCAFP00000059444
RefOG002	11	19	159	16223	2451	2095	Gallus_gallus.ENSGALP00000064978, Danio_rerio.ENSDARP00000127535, Drosophila_melanogaster.FBpp0073985, Canis_familiaris.ENSCAFP00000010380, Tetraodon_nigroviridis.ENSTNIP00000005583, Monodelphis_domestica.ENSMODP00000040561, Danio_rerio.ENSDARP00000126512, Mus_musculus.ENSMUSP00000055449, Caenorhabditis_elegans.WBGene00017860.1, Tetraodon_nigroviridis.ENSTNIP00000020265, Tetraodon_nigroviridis.ENSTNIP00000021812, Danio_rerio.ENSDARP00000114695, Rattus_norvegicus.ENSRNOP00000040735, Rattus_norvegicus.ENSRNOP00000064085, Homo_sapiens.ENSP00000220676, Pan_troglodytes.ENSPTRP00000092368, Pan_troglodytes.ENSPTRP00000034690, Homo_sapiens.ENSP00000371923, Mus_musculus.ENSMUSP00000027032
RefOG038	9	9	1459	2219	2129	2214	Danio_rerio.ENSDARP00000129655, Mus_musculus.ENSMUSP00000058613, Canis_familiaris.ENSCAFP00000017344, Monodelphis_domestica.ENSMODP00000016287, Pan_troglodytes.ENSPTRP00000007532, Tetraodon_nigroviridis.ENSTNIP00000017394, Ciona_intestinalis.ENSCINP00000024362, Homo_sapiens.ENSP00000260197, Gallus_gallus.ENSGALP00000046461
RefOG032	12	14	481	648	598	602	Homo_sapiens.ENSP00000478721, Tetraodon_nigroviridis.ENSTNIP00000021849, Caenorhabditis_elegans.WBGene00003007.1, Ciona_intestinalis.ENSCINP00000018455, Canis_familiaris.ENSCAFP00000052117, Mus_musculus.ENSMUSP00000135858, Monodelphis_domestica.ENSMODP00000023074, Rattus_norvegicus.ENSRNOP00000063141, Drosophila_melanogaster.FBpp0080765, Drosophila_melanogaster.FBpp0303242, Pan_troglodytes.ENSPTRP00000026572, Danio_rerio.ENSDARP00000106622, Gallus_gallus.ENSGALP00000010474, Drosophila_melanogaster.FBpp0308795
RefOG063	10	21	69	394	122	105	Danio_rerio.ENSDARP00000108683, Danio_rerio.ENSDARP00000152992, Mus_musculus.ENSMUSP00000060617, Tetraodon_nigroviridis.ENSTNIP00000010162, Danio_rerio.ENSDARP00000103772, Drosophila_melanogaster.FBpp0072926, Tetraodon_nigroviridis.ENSTNIP00000018181, Monodelphis_domestica.ENSMODP00000057432, Canis_familiaris.ENSCAFP00000029286, Tetraodon_nigroviridis.ENSTNIP00000006119, Homo_sapiens.ENSP00000271331, Rattus_norvegicus.ENSRNOP00000024519, Pan_troglodytes.ENSPTRP00000001873, Gallus_gallus.ENSGALP00000069911, Gallus_gallus.ENSGALP00000012612, Rattus_norvegicus.ENSRNOP00000015058, Homo_sapiens.ENSP00000295619, Mus_musculus.ENSMUSP00000032152, Pan_troglodytes.ENSPTRP00000072428, Monodelphis_domestica.ENSMODP00000056064, Canis_familiaris.ENSCAFP00000047793
RefOG012	12	46	1310	2034	1751	1721	Danio_rerio.ENSDARP00000151529, Monodelphis_domestica.ENSMODP00000056536, Mus_musculus.ENSMUSP00000099513, Caenorhabditis_elegans.WBGene00001651.1, Homo_sapiens.ENSP00000480586, Ciona_intestinalis.ENSCINP00000035323, Homo_sapiens.ENSP00000495860, Danio_rerio.ENSDARP00000145809, Homo_sapiens.ENSP00000354006, Homo_sapiens.ENSP00000437849, Pan_troglodytes.ENSPTRP00000090282, Mus_musculus.ENSMUSP00000037443, Danio_rerio.ENSDARP00000157514, Homo_sapiens.ENSP00000350140, Pan_troglodytes.ENSPTRP00000065010, Tetraodon_nigroviridis.ENSTNIP00000000145, Monodelphis_domestica.ENSMODP00000060432, Danio_rerio.ENSDARP00000132448, Gallus_gallus.ENSGALP00000037979, Mus_musculus.ENSMUSP00000146226, Gallus_gallus.ENSGALP00000024411, Rattus_norvegicus.ENSRNOP00000021262, Canis_familiaris.ENSCAFP00000022528, Canis_familiaris.ENSCAFP00000057849, Mus_musculus.ENSMUSP00000158045, Pan_troglodytes.ENSPTRP00000088270, Danio_rerio.ENSDARP00000052583, Caenorhabditis_elegans.WBGene00001796.1, Rattus_norvegicus.ENSRNOP00000018521, Pan_troglodytes.ENSPTRP00000012085, Danio_rerio.ENSDARP00000123466, Monodelphis_domestica.ENSMODP00000046838, Tetraodon_nigroviridis.ENSTNIP00000011233, Gallus_gallus.ENSGALP00000049900, Rattus_norvegicus.ENSRNOP00000017892, Rattus_norvegicus.ENSRNOP00000070727, Tetraodon_nigroviridis.ENSTNIP00000006495, Canis_familiaris.ENSCAFP00000002558, Drosophila_melanogaster.FBpp0308223, Tetraodon_nigroviridis.ENSTNIP00000002557, Canis_familiaris.ENSCAFP00000035825, Tetraodon_nigroviridis.ENSTNIP00000013119, Caenorhabditis_elegans.WBGene00001795.1, Gallus_gallus.ENSGALP00000006104, Danio_rerio.ENSDARP00000133282, Monodelphis_domestica.ENSMODP00000002675
RefOG041	12	17	153	196	179	178	Drosophila_melanogaster.FBpp0085717, Ciona_intestinalis.ENSCINP00000006833, Danio_rerio.ENSDARP00000063869, Caenorhabditis_elegans.WBGene00004422.1, Canis_familiaris.ENSCAFP00000051517, Caenorhabditis_elegans.WBGene00004423.1, Canis_familiaris.ENSCAFP00000031345, Monodelphis_domestica.ENSMODP00000044088, Canis_familiaris.ENSCAFP00000046142, Tetraodon_nigroviridis.ENSTNIP00000005169, Gallus_gallus.ENSGALP00000047166, Pan_troglodytes.ENSPTRP00000089839, Mus_musculus.ENSMUSP00000099595, Homo_sapiens.ENSP00000496250, Rattus_norvegicus.ENSRNOP00000005511, Rattus_norvegicus.ENSRNOP00000072829, Pan_troglodytes.ENSPTRP00000091393
RefOG019	11	13	92	111	109	110	Gallus_gallus.ENSGALP00000019471, Canis_familiaris.ENSCAFP00000001529, Pan_troglodytes.ENSPTRP00000067637, Homo_sapiens.ENSP00000216252, Drosophila_melanogaster.FBpp0078894, Monodelphis_domestica.ENSMODP00000020665, Tetraodon_nigroviridis.ENSTNIP00000015919, Caenorhabditis_elegans.WBGene00004016.1, Danio_rerio.ENSDARP00000146398, Pan_troglodytes.ENSPTRP00000024852, Danio_rerio.ENSDARP00000066396, Rattus_norvegicus.ENSRNOP00000005837, Mus_musculus.ENSMUSP00000023117
RefOG005	12	34	994	1908	1737	1826	Danio_rerio.ENSDARP00000083467, Tetraodon_nigroviridis.ENSTNIP00000013541, Canis_familiaris.ENSCAFP00000050462, Rattus_norvegicus.ENSRNOP00000073223, Monodelphis_domestica.ENSMODP00000002338, Danio_rerio.ENSDARP00000139984, Danio_rerio.ENSDARP00000123905, Rattus_norvegicus.ENSRNOP00000011768, Pan_troglodytes.ENSPTRP00000017028, Pan_troglodytes.ENSPTRP00000012111, Gallus_gallus.ENSGALP00000053885, Homo_sapiens.ENSP00000261839, Caenorhabditis_elegans.WBGene00002036.1, Mus_musculus.ENSMUSP00000042229, Pan_troglodytes.ENSPTRP00000079651, Danio_rerio.ENSDARP00000138582, Drosophila_melanogaster.FBpp0088684, Gallus_gallus.ENSGALP00000021156, Mus_musculus.ENSMUSP00000112728, Homo_sapiens.ENSP00000382177, Gallus_gallus.ENSGALP00000049670, Rattus_norvegicus.ENSRNOP00000072468, Tetraodon_nigroviridis.ENSTNIP00000016708, Monodelphis_domestica.ENSMODP00000033779, Tetraodon_nigroviridis.ENSTNIP00000000264, Ciona_intestinalis.ENSCINP00000004338, Monodelphis_domestica.ENSMODP00000004596, Tetraodon_nigroviridis.ENSTNIP00000003753, Danio_rerio.ENSDARP00000156302, Canis_familiaris.ENSCAFP00000047066, Danio_rerio.ENSDARP00000114041, Tetraodon_nigroviridis.ENSTNIP00000013132, Mus_musculus.ENSMUSP00000117493, Homo_sapiens.ENSP00000285039
RefOG017	10	29	189	2066	1847	1881	Monodelphis_domestica.ENSMODP00000019696, Rattus_norvegicus.ENSRNOP00000074490, Tetraodon_nigroviridis.ENSTNIP00000018720, Mus_musculus.ENSMUSP00000155337, Mus_musculus.ENSMUSP00000105240, Pan_troglodytes.ENSPTRP00000065303, Canis_familiaris.ENSCAFP00000041313, Monodelphis_domestica.ENSMODP00000002121, Rattus_norvegicus.ENSRNOP00000032894, Monodelphis_domestica.ENSMODP00000034167, Danio_rerio.ENSDARP00000141147, Rattus_norvegicus.ENSRNOP00000026451, Tetraodon_nigroviridis.ENSTNIP00000015252, Homo_sapiens.ENSP00000272371, Tetraodon_nigroviridis.ENSTNIP00000006548, Danio_rerio.ENSDARP00000007932, Canis_familiaris.ENSCAFP00000012034, Gallus_gallus.ENSGALP00000026707, Canis_familiaris.ENSCAFP00000006614, Danio_rerio.ENSDARP00000056104, Tetraodon_nigroviridis.ENSTNIP00000022495, Mus_musculus.ENSMUSP00000125718, Ciona_intestinalis.ENSCINP00000010575, Gallus_gallus.ENSGALP00000050711, Pan_troglodytes.ENSPTRP00000090674, Danio_rerio.ENSDARP00000123935, Homo_sapiens.ENSP00000428280, Pan_troglodytes.ENSPTRP00000067285, Mus_musculus.ENSMUSP00000073803
RefOG028	11	24	292	1223	668	684	Gallus_gallus.ENSGALP00000055794, Canis_familiaris.ENSCAFP00000054560, Monodelphis_domestica.ENSMODP00000026148, Rattus_norvegicus.ENSRNOP00000013191, Homo_sapiens.ENSP00000367797, Pan_troglodytes.ENSPTRP00000070313, Canis_familiaris.ENSCAFP00000028655, Tetraodon_nigroviridis.ENSTNIP00000007613, Danio_rerio.ENSDARP00000091440, Danio_rerio.ENSDARP00000056521, Tetraodon_nigroviridis.ENSTNIP00000017814, Gallus_gallus.ENSGALP00000001862, Monodelphis_domestica.ENSMODP00000035037, Mus_musculus.ENSMUSP00000112413, Mus_musculus.ENSMUSP00000030917, Danio_rerio.ENSDARP00000094325, Tetraodon_nigroviridis.ENSTNIP00000017957, Ciona_intestinalis.ENSCINP00000000131, Homo_sapiens.ENSP00000259119, Rattus_norvegicus.ENSRNOP00000073651, Danio_rerio.ENSDARP00000105507, Pan_troglodytes.ENSPTRP00000000080, Tetraodon_nigroviridis.ENSTNIP00000001293, Drosophila_melanogaster.FBpp0111630
RefOG025	11	13	195	486	441	470	Pan_troglodytes.ENSPTRP00000015252, Mus_musculus.ENSMUSP00000017530, Rattus_norvegicus.ENSRNOP00000018468, Gallus_gallus.ENSGALP00000006340, Canis_familiaris.ENSCAFP00000027741, Monodelphis_domestica.ENSMODP00000024090, Drosophila_melanogaster.FBpp0077119, Danio_rerio.ENSDARP00000056877, Danio_rerio.ENSDARP00000013849, Danio_rerio.ENSDARP00000156311, Homo_sapiens.ENSP00000262395, Ciona_intestinalis.ENSCINP00000008928, Tetraodon_nigroviridis.ENSTNIP00000019321
RefOG030	12	13	135	186	145	139	Monodelphis_domestica.ENSMODP00000047202, Rattus_norvegicus.ENSRNOP00000027029, Tetraodon_nigroviridis.ENSTNIP00000007562, Danio_rerio.ENSDARP00000152506, Gallus_gallus.ENSGALP00000044520, Caenorhabditis_elegans.WBGene00011391.1, Ciona_intestinalis.ENSCINP00000025837, Pan_troglodytes.ENSPTRP00000018769, Homo_sapiens.ENSP00000308845, Mus_musculus.ENSMUSP00000132443, Canis_familiaris.ENSCAFP00000008389, Drosophila_melanogaster.FBpp0300988, Homo_sapiens.ENSP00000488926
RefOG047	12	36	190	428	388	395	Canis_familiaris.ENSCAFP00000062817, Danio_rerio.ENSDARP00000053962, Gallus_gallus.ENSGALP00000069156, Danio_rerio.ENSDARP00000147224, Monodelphis_domestica.ENSMODP00000019473, Mus_musculus.ENSMUSP00000087118, Danio_rerio.ENSDARP00000087660, Drosophila_melanogaster.FBpp0088926, Gallus_gallus.ENSGALP00000073898, Gallus_gallus.ENSGALP00000003899, Tetraodon_nigroviridis.ENSTNIP00000011970, Tetraodon_nigroviridis.ENSTNIP00000011512, Mus_musculus.ENSMUSP00000142136, Caenorhabditis_elegans.WBGene00008205.1, Canis_familiaris.ENSCAFP00000011509, Caenorhabditis_elegans.WBGene00015538.1, Tetraodon_nigroviridis.ENSTNIP00000014805, Gallus_gallus.ENSGALP00000071065, Rattus_norvegicus.ENSRNOP00000018170, Pan_troglodytes.ENSPTRP00000020815, Homo_sapiens.ENSP00000303147, Caenorhabditis_elegans.WBGene00006416.1, Homo_sapiens.ENSP00000361287, Danio_rerio.ENSDARP00000057868, Danio_rerio.ENSDARP00000105782, Tetraodon_nigroviridis.ENSTNIP00000018925, Gallus_gallus.ENSGALP00000024750, Monodelphis_domestica.ENSMODP00000001856, Caenorhabditis_elegans.WBGene00015540.1, Mus_musculus.ENSMUSP00000153488, Pan_troglodytes.ENSPTRP00000004677, Ciona_intestinalis.ENSCINP00000016717, Danio_rerio.ENSDARP00000152910, Danio_rerio.ENSDARP00000139220, Tetraodon_nigroviridis.ENSTNIP00000016496, Rattus_norvegicus.ENSRNOP00000072105
RefOG066	12	14	92	386	276	278	Caenorhabditis_elegans.WBGene00013587.1, Caenorhabditis_elegans.WBGene00011305.1, Danio_rerio.ENSDARP00000153743, Pan_troglodytes.ENSPTRP00000072362, Mus_musculus.ENSMUSP00000111291, Tetraodon_nigroviridis.ENSTNIP00000019875, Monodelphis_domestica.ENSMODP00000012959, Homo_sapiens.ENSP00000384827, Ciona_intestinalis.ENSCINP00000033401, Rattus_norvegicus.ENSRNOP00000070354, Gallus_gallus.ENSGALP00000056541, Drosophila_melanogaster.FBpp0309341, Canis_familiaris.ENSCAFP00000061009, Mus_musculus.ENSMUSP00000138919
RefOG061	9	30	268	1646	821	888	Monodelphis_domestica.ENSMODP00000022235, Pan_troglodytes.ENSPTRP00000037245, Danio_rerio.ENSDARP00000141866, Canis_familiaris.ENSCAFP00000019283, Gallus_gallus.ENSGALP00000022545, Pan_troglodytes.ENSPTRP00000082852, Danio_rerio.ENSDARP00000101451, Danio_rerio.ENSDARP00000150803, Canis_familiaris.ENSCAFP00000030955, Danio_rerio.ENSDARP00000156363, Homo_sapiens.ENSP00000346634, Gallus_gallus.ENSGALP00000003357, Rattus_norvegicus.ENSRNOP00000071825, Pan_troglodytes.ENSPTRP00000031814, Pan_troglodytes.ENSPTRP00000000942, Homo_sapiens.ENSP00000369004, Tetraodon_nigroviridis.ENSTNIP00000007231, Rattus_norvegicus.ENSRNOP00000013570, Monodelphis_domestica.ENSMODP00000021775, Homo_sapiens.ENSP00000435210, Monodelphis_domestica.ENSMODP00000006216, Rattus_norvegicus.ENSRNOP00000006867, Mus_musculus.ENSMUSP00000043583, Mus_musculus.ENSMUSP00000108083, Canis_familiaris.ENSCAFP00000005033, Danio_rerio.ENSDARP00000144710, Mus_musculus.ENSMUSP00000079722, Gallus_gallus.ENSGALP00000026433, Tetraodon_nigroviridis.ENSTNIP00000015159, Monodelphis_domestica.ENSMODP00000058915
RefOG010	2	3	555	591	579	591	Mus_musculus.ENSMUSP00000086311, Mus_musculus.ENSMUSP00000086314, Rattus_norvegicus.ENSRNOP00000065522
RefOG068	12	32	298	3417	2062	2130	Rattus_norvegicus.ENSRNOP00000038464, Gallus_gallus.ENSGALP00000065101, Rattus_norvegicus.ENSRNOP00000010022, Danio_rerio.ENSDARP00000151902, Tetraodon_nigroviridis.ENSTNIP00000012895, Danio_rerio.ENSDARP00000116424, Rattus_norvegicus.ENSRNOP00000059738, Homo_sapiens.ENSP00000347931, Monodelphis_domestica.ENSMODP00000010685, Mus_musculus.ENSMUSP00000021567, Caenorhabditis_elegans.WBGene00015237.1, Homo_sapiens.ENSP00000258229, Tetraodon_nigroviridis.ENSTNIP00000020132, Canis_familiaris.ENSCAFP00000017040, Pan_troglodytes.ENSPTRP00000069989, Mus_musculus.ENSMUSP00000042294, Ciona_intestinalis.ENSCINP00000027090, Danio_rerio.ENSDARP00000131597, Pan_troglodytes.ENSPTRP00000006704, Mus_musculus.ENSMUSP00000109245, Monodelphis_domestica.ENSMODP00000012033, Tetraodon_nigroviridis.ENSTNIP00000022554, Canis_familiaris.ENSCAFP00000019733, Drosophila_melanogaster.FBpp0309618, Danio_rerio.ENSDARP00000118137, Canis_familiaris.ENSCAFP00000062292, Gallus_gallus.ENSGALP00000054373, Danio_rerio.ENSDARP00000157488, Monodelphis_domestica.ENSMODP00000008814, Ciona_intestinalis.ENSCINP00000001707, Homo_sapiens.ENSP00000304192, Pan_troglodytes.ENSPTRP00000051039
RefOG004	11	12	192	375	237	214	Pan_troglodytes.ENSPTRP00000079818, Gallus_gallus.ENSGALP00000028084, Danio_rerio.ENSDARP00000110254, Ciona_intestinalis.ENSCINP00000010262, Homo_sapiens.ENSP00000340836, Rattus_norvegicus.ENSRNOP00000016871, Caenorhabditis_elegans.WBGene00013724.1, Mus_musculus.ENSMUSP00000025631, Tetraodon_nigroviridis.ENSTNIP00000019800, Canis_familiaris.ENSCAFP00000048558, Monodelphis_domestica.ENSMODP00000002384, Danio_rerio.ENSDARP00000149121
RefOG049	9	10	420	572	530	541	Canis_familiaris.ENSCAFP00000017558, Mus_musculus.ENSMUSP00000001183, Danio_rerio.ENSDARP00000044682, Homo_sapiens.ENSP00000486740, Monodelphis_domestica.ENSMODP00000048158, Homo_sapiens.ENSP00000380856, Tetraodon_nigroviridis.ENSTNIP00000009524, Rattus_norvegicus.ENSRNOP00000001699, Gallus_gallus.ENSGALP00000009880, Ciona_intestinalis.ENSCINP00000025584
RefOG039	11	20	783	5637	4445	5156	Monodelphis_domestica.ENSMODP00000015084, Homo_sapiens.ENSP00000485357, Danio_rerio.ENSDARP00000005919, Ciona_intestinalis.ENSCINP00000015858, Tetraodon_nigroviridis.ENSTNIP00000021286, Canis_familiaris.ENSCAFP00000029555, Danio_rerio.ENSDARP00000109565, Canis_familiaris.ENSCAFP00000020141, Tetraodon_nigroviridis.ENSTNIP00000016407, Danio_rerio.ENSDARP00000102597, Pan_troglodytes.ENSPTRP00000036731, Gallus_gallus.ENSGALP00000057876, Mus_musculus.ENSMUSP00000109160, Pan_troglodytes.ENSPTRP00000002974, Rattus_norvegicus.ENSRNOP00000033710, Mus_musculus.ENSMUSP00000074340, Caenorhabditis_elegans.WBGene00001863.1, Homo_sapiens.ENSP00000271588, Monodelphis_domestica.ENSMODP00000014447, Tetraodon_nigroviridis.ENSTNIP00000016408
RefOG023	10	69	299	7425	2914	2812	Tetraodon_nigroviridis.ENSTNIP00000009471, Mus_musculus.ENSMUSP00000140483, Homo_sapiens.ENSP00000490794, Pan_troglodytes.ENSPTRP00000055657, Tetraodon_nigroviridis.ENSTNIP00000021977, Canis_familiaris.ENSCAFP00000053390, Danio_rerio.ENSDARP00000129173, Canis_familiaris.ENSCAFP00000056775, Mus_musculus.ENSMUSP00000122353, Rattus_norvegicus.ENSRNOP00000072558, Mus_musculus.ENSMUSP00000129467, Mus_musculus.ENSMUSP00000130949, Homo_sapiens.ENSP00000406861, Rattus_norvegicus.ENSRNOP00000072033, Canis_familiaris.ENSCAFP00000042190, Rattus_norvegicus.ENSRNOP00000026643, Homo_sapiens.ENSP00000382323, Danio_rerio.ENSDARP00000141193, Danio_rerio.ENSDARP00000101847, Monodelphis_domestica.ENSMODP00000025620, Canis_familiaris.ENSCAFP00000014573, Rattus_norvegicus.ENSRNOP00000041552, Gallus_gallus.ENSGALP00000058491, Rattus_norvegicus.ENSRNOP00000070320, Canis_familiaris.ENSCAFP00000046095, Danio_rerio.ENSDARP00000130459, Danio_rerio.ENSDARP00000127611, Canis_familiaris.ENSCAFP00000014623, Gallus_gallus.ENSGALP00000017072, Homo_sapiens.ENSP00000494473, Mus_musculus.ENSMUSP00000158627, Canis_familiaris.ENSCAFP00000014293, Tetraodon_nigroviridis.ENSTNIP00000006580, Tetraodon_nigroviridis.ENSTNIP00000022420, Danio_rerio.ENSDARP00000129204, Pan_troglodytes.ENSPTRP00000008931, Homo_sapiens.ENSP00000486295, Homo_sapiens.ENSP00000436812, Canis_familiaris.ENSCAFP00000013319, Pan_troglodytes.ENSPTRP00000092487, Monodelphis_domestica.ENSMODP00000050980, Mus_musculus.ENSMUSP00000128276, Monodelphis_domestica.ENSMODP00000008408, Pan_troglodytes.ENSPTRP00000007801, Mus_musculus.ENSMUSP00000107873, Homo_sapiens.ENSP00000485659, Homo_sapiens.ENSP00000486476, Tetraodon_nigroviridis.ENSTNIP00000013402, Rattus_norvegicus.ENSRNOP00000062329, Danio_rerio.ENSDARP00000087236, Pan_troglodytes.ENSPTRP00000078890, Rattus_norvegicus.ENSRNOP00000036806, Homo_sapiens.ENSP00000490759, Homo_sapiens.ENSP00000261405, Rattus_norvegicus.ENSRNOP00000064975, Gallus_gallus.ENSGALP00000036463, Ciona_intestinalis.ENSCINP00000014936, Danio_rerio.ENSDARP00000142662, Gallus_gallus.ENSGALP00000010852, Homo_sapiens.ENSP00000487059, Pan_troglodytes.ENSPTRP00000074125, Gallus_gallus.ENSGALP00000051785, Canis_familiaris.ENSCAFP00000059042, Tetraodon_nigroviridis.ENSTNIP00000022424, Gallus_gallus.ENSGALP00000050462, Canis_familiaris.ENSCAFP00000014576, Danio_rerio.ENSDARP00000154963, Danio_rerio.ENSDARP00000135368, Homo_sapiens.ENSP00000447211
RefOG055	10	29	85	589	194	182	Gallus_gallus.ENSGALP00000026830, Tetraodon_nigroviridis.ENSTNIP00000002688, Homo_sapiens.ENSP00000284486, Pan_troglodytes.ENSPTRP00000000839, Danio_rerio.ENSDARP00000088226, Canis_familiaris.ENSCAFP00000051664, Monodelphis_domestica.ENSMODP00000021797, Homo_sapiens.ENSP00000495051, Mus_musculus.ENSMUSP00000050531, Ciona_intestinalis.ENSCINP00000031842, Danio_rerio.ENSDARP00000155276, Danio_rerio.ENSDARP00000141876, Mus_musculus.ENSMUSP00000113962, Homo_sapiens.ENSP00000496084, Monodelphis_domestica.ENSMODP00000014981, Gallus_gallus.ENSGALP00000005221, Pan_troglodytes.ENSPTRP00000072468, Gallus_gallus.ENSGALP00000070158, Tetraodon_nigroviridis.ENSTNIP00000020024, Homo_sapiens.ENSP00000362684, Danio_rerio.ENSDARP00000144004, Danio_rerio.ENSDARP00000155722, Canis_familiaris.ENSCAFP00000015672, Danio_rerio.ENSDARP00000157436, Rattus_norvegicus.ENSRNOP00000015055, Ciona_intestinalis.ENSCINP00000007466, Rattus_norvegicus.ENSRNOP00000065808, Ciona_intestinalis.ENSCINP00000012544, Canis_familiaris.ENSCAFP00000011791
RefOG006	12	48	120	2311	1869	1979	Homo_sapiens.ENSP00000379616, Homo_sapiens.ENSP00000493594, Monodelphis_domestica.ENSMODP00000001289, Pan_troglodytes.ENSPTRP00000078901, Danio_rerio.ENSDARP00000134054, Danio_rerio.ENSDARP00000124366, Tetraodon_nigroviridis.ENSTNIP00000010900, Tetraodon_nigroviridis.ENSTNIP00000017126, Danio_rerio.ENSDARP00000155954, Mus_musculus.ENSMUSP00000156021, Pan_troglodytes.ENSPTRP00000069176, Gallus_gallus.ENSGALP00000053892, Tetraodon_nigroviridis.ENSTNIP00000001018, Canis_familiaris.ENSCAFP00000057173, Rattus_norvegicus.ENSRNOP00000035440, Tetraodon_nigroviridis.ENSTNIP00000007040, Gallus_gallus.ENSGALP00000046782, Caenorhabditis_elegans.WBGene00003776.1, Tetraodon_nigroviridis.ENSTNIP00000015027, Homo_sapiens.ENSP00000216181, Canis_familiaris.ENSCAFP00000061753, Tetraodon_nigroviridis.ENSTNIP00000004844, Rattus_norvegicus.ENSRNOP00000007398, Homo_sapiens.ENSP00000353590, Tetraodon_nigroviridis.ENSTNIP00000006335, Homo_sapiens.ENSP00000478109, Danio_rerio.ENSDARP00000114445, Monodelphis_domestica.ENSMODP00000010173, Gallus_gallus.ENSGALP00000043966, Rattus_norvegicus.ENSRNOP00000073929, Mus_musculus.ENSMUSP00000016771, Tetraodon_nigroviridis.ENSTNIP00000006941, Caenorhabditis_elegans.WBGene00003777.1, Mus_musculus.ENSMUSP00000147115, Canis_familiaris.ENSCAFP00000046753, Monodelphis_domestica.ENSMODP00000051065, Rattus_norvegicus.ENSRNOP00000062744, Canis_familiaris.ENSCAFP00000060526, Mus_musculus.ENSMUSP00000090661, Danio_rerio.ENSDARP00000041141, Pan_troglodytes.ENSPTRP00000064140, Danio_rerio.ENSDARP00000125918, Rattus_norvegicus.ENSRNOP00000072636, Pan_troglodytes.ENSPTRP00000065124, Drosophila_melanogaster.FBpp0072306, Ciona_intestinalis.ENSCINP00000035221, Danio_rerio.ENSDARP00000086805, Tetraodon_nigroviridis.ENSTNIP00000023109
RefOG031	12	32	208	932	709	702	Pan_troglodytes.ENSPTRP00000020457, Homo_sapiens.ENSP00000294954, Mus_musculus.ENSMUSP00000040477, Canis_familiaris.ENSCAFP00000003939, Mus_musculus.ENSMUSP00000021346, Tetraodon_nigroviridis.ENSTNIP00000012582, Mus_musculus.ENSMUSP00000024916, Drosophila_melanogaster.FBpp0082934, Homo_sapiens.ENSP00000473498, Canis_familiaris.ENSCAFP00000057668, Ciona_intestinalis.ENSCINP00000030027, Rattus_norvegicus.ENSRNOP00000005671, Caenorhabditis_elegans.WBGene00008239.1, Homo_sapiens.ENSP00000441235, Tetraodon_nigroviridis.ENSTNIP00000019702, Homo_sapiens.ENSP00000384708, Pan_troglodytes.ENSPTRP00000020451, Rattus_norvegicus.ENSRNOP00000022481, Monodelphis_domestica.ENSMODP00000050592, Danio_rerio.ENSDARP00000054085, Tetraodon_nigroviridis.ENSTNIP00000006194, Danio_rerio.ENSDARP00000088230, Gallus_gallus.ENSGALP00000014790, Gallus_gallus.ENSGALP00000017185, Pan_troglodytes.ENSPTRP00000091100, Monodelphis_domestica.ENSMODP00000001486, Rattus_norvegicus.ENSRNOP00000022802, Monodelphis_domestica.ENSMODP00000001525, Gallus_gallus.ENSGALP00000014797, Danio_rerio.ENSDARP00000152025, Canis_familiaris.ENSCAFP00000025490, Danio_rerio.ENSDARP00000096529
RefOG015	5	30	1241	1912	1501	1507	Caenorhabditis_elegans.WBGene00006928.1, Caenorhabditis_elegans.WBGene00006925.1, Danio_rerio.ENSDARP00000146007, Danio_rerio.ENSDARP00000102472, Caenorhabditis_elegans.WBGene00006926.1, Danio_rerio.ENSDARP00000115012, Danio_rerio.ENSDARP00000061164, Tetraodon_nigroviridis.ENSTNIP00000003865, Caenorhabditis_elegans.WBGene00006929.1, Caenorhabditis_elegans.WBGene00006930.1, Danio_rerio.ENSDARP00000153660, Caenorhabditis_elegans.WBGene00006927.1, Danio_rerio.ENSDARP00000148974, Danio_rerio.ENSDARP00000150799, Danio_rerio.ENSDARP00000072687, Danio_rerio.ENSDARP00000146600, Danio_rerio.ENSDARP00000155970, Tetraodon_nigroviridis.ENSTNIP00000000093, Gallus_gallus.ENSGALP00000044130, Gallus_gallus.ENSGALP00000068631, Danio_rerio.ENSDARP00000146270, Danio_rerio.ENSDARP00000113988, Danio_rerio.ENSDARP00000147062, Danio_rerio.ENSDARP00000148221, Danio_rerio.ENSDARP00000094194, Danio_rerio.ENSDARP00000050237, Drosophila_melanogaster.FBpp0082643, Danio_rerio.ENSDARP00000156030, Danio_rerio.ENSDARP00000072678, Gallus_gallus.ENSGALP00000002888
RefOG033	9	30	372	788	510	512	Pan_troglodytes.ENSPTRP00000021276, Danio_rerio.ENSDARP00000118414, Rattus_norvegicus.ENSRNOP00000072491, Canis_familiaris.ENSCAFP00000022013, Mus_musculus.ENSMUSP00000027356, Homo_sapiens.ENSP00000258415, Monodelphis_domestica.ENSMODP00000019193, Pan_troglodytes.ENSPTRP00000008760, Danio_rerio.ENSDARP00000071946, Tetraodon_nigroviridis.ENSTNIP00000002845, Canis_familiaris.ENSCAFP00000000406, Tetraodon_nigroviridis.ENSTNIP00000018779, Tetraodon_nigroviridis.ENSTNIP00000018717, Danio_rerio.ENSDARP00000118349, Rattus_norvegicus.ENSRNOP00000023152, Danio_rerio.ENSDARP00000099662, Rattus_norvegicus.ENSRNOP00000064023, Mus_musculus.ENSMUSP00000130005, Pan_troglodytes.ENSPTRP00000022094, Danio_rerio.ENSDARP00000045587, Monodelphis_domestica.ENSMODP00000023310, Homo_sapiens.ENSP00000499243, Monodelphis_domestica.ENSMODP00000026680, Gallus_gallus.ENSGALP00000018780, Homo_sapiens.ENSP00000228606, Danio_rerio.ENSDARP00000101333, Canis_familiaris.ENSCAFP00000006781, Danio_rerio.ENSDARP00000074330, Danio_rerio.ENSDARP00000142417, Tetraodon_nigroviridis.ENSTNIP00000021409
RefOG021	10	125	72	4061	454	102	Canis_familiaris.ENSCAFP00000046808, Gallus_gallus.ENSGALP00000033025, Danio_rerio.ENSDARP00000072444, Homo_sapiens.ENSP00000271835, Gallus_gallus.ENSGALP00000041244, Monodelphis_domestica.ENSMODP00000034118, Mus_musculus.ENSMUSP00000001051, Mus_musculus.ENSMUSP00000096510, Danio_rerio.ENSDARP00000131329, Rattus_norvegicus.ENSRNOP00000015958, Rattus_norvegicus.ENSRNOP00000015712, Mus_musculus.ENSMUSP00000102952, Homo_sapiens.ENSP00000357726, Gallus_gallus.ENSGALP00000041652, Tetraodon_nigroviridis.ENSTNIP00000020701, Gallus_gallus.ENSGALP00000041430, Rattus_norvegicus.ENSRNOP00000025249, Canis_familiaris.ENSCAFP00000040984, Danio_rerio.ENSDARP00000115567, Canis_familiaris.ENSCAFP00000019123, Tetraodon_nigroviridis.ENSTNIP00000006034, Pan_troglodytes.ENSPTRP00000002282, Danio_rerio.ENSDARP00000074756, Tetraodon_nigroviridis.ENSTNIP00000023017, Monodelphis_domestica.ENSMODP00000038524, Pan_troglodytes.ENSPTRP00000002223, Canis_familiaris.ENSCAFP00000055426, Drosophila_melanogaster.FBpp0309618, Monodelphis_domestica.ENSMODP00000024649, Homo_sapiens.ENSP00000357721, Tetraodon_nigroviridis.ENSTNIP00000016476, Monodelphis_domestica.ENSMODP00000057190, Homo_sapiens.ENSP00000426768, Pan_troglodytes.ENSPTRP00000002273, Danio_rerio.ENSDARP00000124401, Gallus_gallus.ENSGALP00000052989, Rattus_norvegicus.ENSRNOP00000016499, Pan_troglodytes.ENSPTRP00000092937, Monodelphis_domestica.ENSMODP00000023607, Gallus_gallus.ENSGALP00000024131, Canis_familiaris.ENSCAFP00000025859, Tetraodon_nigroviridis.ENSTNIP00000021492, Danio_rerio.ENSDARP00000123790, Homo_sapiens.ENSP00000357727, Mus_musculus.ENSMUSP00000070842, Pan_troglodytes.ENSPTRP00000087944, Rattus_norvegicus.ENSRNOP00000001743, Monodelphis_domestica.ENSMODP00000003527, Gallus_gallus.ENSGALP00000027831, Mus_musculus.ENSMUSP00000091288, Canis_familiaris.ENSCAFP00000018025, Monodelphis_domestica.ENSMODP00000021678, Pan_troglodytes.ENSPTRP00000027366, Mus_musculus.ENSMUSP00000001046, Mus_musculus.ENSMUSP00000022186, Rattus_norvegicus.ENSRNOP00000067058, Monodelphis_domestica.ENSMODP00000021721, Monodelphis_domestica.ENSMODP00000023841, Pan_troglodytes.ENSPTRP00000075839, Rattus_norvegicus.ENSRNOP00000041760, Pan_troglodytes.ENSPTRP00000092800, Canis_familiaris.ENSCAFP00000021149, Rattus_norvegicus.ENSRNOP00000074485, Monodelphis_domestica.ENSMODP00000023726, Pan_troglodytes.ENSPTRP00000080971, Pan_troglodytes.ENSPTRP00000048303, Gallus_gallus.ENSGALP00000022671, Pan_troglodytes.ENSPTRP00000072607, Canis_familiaris.ENSCAFP00000025867, Canis_familiaris.ENSCAFP00000042882, Monodelphis_domestica.ENSMODP00000023838, Gallus_gallus.ENSGALP00000043597, Mus_musculus.ENSMUSP00000029515, Danio_rerio.ENSDARP00000121650, Tetraodon_nigroviridis.ENSTNIP00000009888, Homo_sapiens.ENSP00000357687, Monodelphis_domestica.ENSMODP00000021730, Mus_musculus.ENSMUSP00000047968, Mus_musculus.ENSMUSP00000069525, Homo_sapiens.ENSP00000296370, Homo_sapiens.ENSP00000271638, Tetraodon_nigroviridis.ENSTNIP00000020700, Mus_musculus.ENSMUSP00000102921, Rattus_norvegicus.ENSRNOP00000015351, Rattus_norvegicus.ENSRNOP00000017000, Canis_familiaris.ENSCAFP00000019025, Canis_familiaris.ENSCAFP00000019157, Monodelphis_domestica.ENSMODP00000043447, Tetraodon_nigroviridis.ENSTNIP00000021491, Pan_troglodytes.ENSPTRP00000002268, Pan_troglodytes.ENSPTRP00000002278, Homo_sapiens.ENSP00000373370, Rattus_norvegicus.ENSRNOP00000024202, Danio_rerio.ENSDARP00000056560, Pan_troglodytes.ENSPTRP00000002272, Rattus_norvegicus.ENSRNOP00000013393, Homo_sapiens.ENSP00000317895, Mus_musculus.ENSMUSP00000058237, Canis_familiaris.ENSCAFP00000038503, Tetraodon_nigroviridis.ENSTNIP00000020706, Rattus_norvegicus.ENSRNOP00000011762, Rattus_norvegicus.ENSRNOP00000072004, Mus_musculus.ENSMUSP00000096482, Mus_musculus.ENSMUSP00000044998, Mus_musculus.ENSMUSP00000029516, Homo_sapiens.ENSP00000357789, Pan_troglodytes.ENSPTRP00000002271, Danio_rerio.ENSDARP00000156462, Gallus_gallus.ENSGALP00000043598, Gallus_gallus.ENSGALP00000047847, Homo_sapiens.ENSP00000357704, Homo_sapiens.ENSP00000357707, Mus_musculus.ENSMUSP00000142003, Danio_rerio.ENSDARP00000120686, Pan_troglodytes.ENSPTRP00000002232, Pan_troglodytes.ENSPTRP00000002279, Rattus_norvegicus.ENSRNOP00000001672, Pan_troglodytes.ENSPTRP00000051765, Homo_sapiens.ENSP00000473589, Pan_troglodytes.ENSPTRP00000087426, Pan_troglodytes.ENSPTRP00000002233, Danio_rerio.ENSDARP00000020595, Pan_troglodytes.ENSPTRP00000093848, Rattus_norvegicus.ENSRNOP00000015612, Homo_sapiens.ENSP00000357791
RefOG058	9	50	89	1337	424	408	Rattus_norvegicus.ENSRNOP00000002443, Monodelphis_domestica.ENSMODP00000022511, Rattus_norvegicus.ENSRNOP00000052331, Mus_musculus.ENSMUSP00000025706, Gallus_gallus.ENSGALP00000049756, Mus_musculus.ENSMUSP00000054938, Pan_troglodytes.ENSPTRP00000066030, Canis_familiaris.ENSCAFP00000023091, Danio_rerio.ENSDARP00000074016, Pan_troglodytes.ENSPTRP00000034377, Danio_rerio.ENSDARP00000012354, Homo_sapiens.ENSP00000310263, Tetraodon_nigroviridis.ENSTNIP00000010862, Rattus_norvegicus.ENSRNOP00000071012, Pan_troglodytes.ENSPTRP00000089305, Monodelphis_domestica.ENSMODP00000011508, Mus_musculus.ENSMUSP00000116742, Mus_musculus.ENSMUSP00000119790, Rattus_norvegicus.ENSRNOP00000042371, Tetraodon_nigroviridis.ENSTNIP00000019530, Homo_sapiens.ENSP00000367013, Tetraodon_nigroviridis.ENSTNIP00000001175, Homo_sapiens.ENSP00000498466, Pan_troglodytes.ENSPTRP00000072563, Tetraodon_nigroviridis.ENSTNIP00000002572, Danio_rerio.ENSDARP00000110027, Danio_rerio.ENSDARP00000107373, Gallus_gallus.ENSGALP00000043230, Canis_familiaris.ENSCAFP00000053085, Canis_familiaris.ENSCAFP00000055029, Mus_musculus.ENSMUSP00000022663, Homo_sapiens.ENSP00000162749, Rattus_norvegicus.ENSRNOP00000071406, Gallus_gallus.ENSGALP00000010331, Gallus_gallus.ENSGALP00000071222, Pan_troglodytes.ENSPTRP00000068497, Rattus_norvegicus.ENSRNOP00000025928, Gallus_gallus.ENSGALP00000039128, Mus_musculus.ENSMUSP00000075018, Homo_sapiens.ENSP00000349324, Canis_familiaris.ENSCAFP00000062480, Tetraodon_nigroviridis.ENSTNIP00000001044, Homo_sapiens.ENSP00000276431, Danio_rerio.ENSDARP00000143967, Mus_musculus.ENSMUSP00000032491, Homo_sapiens.ENSP00000221132, Mus_musculus.ENSMUSP00000025691, Gallus_gallus.ENSGALP00000071352, Pan_troglodytes.ENSPTRP00000088261, Pan_troglodytes.ENSPTRP00000034376
RefOG001	12	15	272	579	345	322	Caenorhabditis_elegans.WBGene00003806.1, Danio_rerio.ENSDARP00000071531, Rattus_norvegicus.ENSRNOP00000014377, Mus_musculus.ENSMUSP00000032440, Ciona_intestinalis.ENSCINP00000005198, Drosophila_melanogaster.FBpp0311988, Homo_sapiens.ENSP00000373312, Monodelphis_domestica.ENSMODP00000006811, Danio_rerio.ENSDARP00000147265, Canis_familiaris.ENSCAFP00000053904, Pan_troglodytes.ENSPTRP00000071151, Rattus_norvegicus.ENSRNOP00000007474, Tetraodon_nigroviridis.ENSTNIP00000005325, Danio_rerio.ENSDARP00000154605, Gallus_gallus.ENSGALP00000060372
RefOG036	12	46	87	456	399	411	Homo_sapiens.ENSP00000376352, Rattus_norvegicus.ENSRNOP00000012759, Tetraodon_nigroviridis.ENSTNIP00000020088, Gallus_gallus.ENSGALP00000015774, Monodelphis_domestica.ENSMODP00000011372, Monodelphis_domestica.ENSMODP00000058442, Monodelphis_domestica.ENSMODP00000039449, Danio_rerio.ENSDARP00000153715, Gallus_gallus.ENSGALP00000026284, Drosophila_melanogaster.FBpp0111805, Danio_rerio.ENSDARP00000138167, Homo_sapiens.ENSP00000005178, Monodelphis_domestica.ENSMODP00000015067, Danio_rerio.ENSDARP00000012861, Rattus_norvegicus.ENSRNOP00000068033, Tetraodon_nigroviridis.ENSTNIP00000020062, Canis_familiaris.ENSCAFP00000041833, Monodelphis_domestica.ENSMODP00000009219, Mus_musculus.ENSMUSP00000041447, Danio_rerio.ENSDARP00000150746, Homo_sapiens.ENSP00000498864, Caenorhabditis_elegans.WBGene00022719.1, Pan_troglodytes.ENSPTRP00000033224, Gallus_gallus.ENSGALP00000060241, Canis_familiaris.ENSCAFP00000024969, Pan_troglodytes.ENSPTRP00000065011, Rattus_norvegicus.ENSRNOP00000002072, Mus_musculus.ENSMUSP00000006669, Gallus_gallus.ENSGALP00000021580, Tetraodon_nigroviridis.ENSTNIP00000004633, Canis_familiaris.ENSCAFP00000019265, Danio_rerio.ENSDARP00000071589, Homo_sapiens.ENSP00000420927, Mus_musculus.ENSMUSP00000036604, Mus_musculus.ENSMUSP00000019721, Danio_rerio.ENSDARP00000042188, Pan_troglodytes.ENSPTRP00000015943, Pan_troglodytes.ENSPTRP00000037297, Tetraodon_nigroviridis.ENSTNIP00000010986, Ciona_intestinalis.ENSCINP00000003914, Rattus_norvegicus.ENSRNOP00000005641, Tetraodon_nigroviridis.ENSTNIP00000006761, Canis_familiaris.ENSCAFP00000003118, Canis_familiaris.ENSCAFP00000019855, Monodelphis_domestica.ENSMODP00000011266, Danio_rerio.ENSDARP00000022009
RefOG065	10	10	566	2566	2191	2540	Mus_musculus.ENSMUSP00000021547, Monodelphis_domestica.ENSMODP00000056797, Homo_sapiens.ENSP00000251119, Tetraodon_nigroviridis.ENSTNIP00000021844, Pan_troglodytes.ENSPTRP00000010969, Rattus_norvegicus.ENSRNOP00000074087, Gallus_gallus.ENSGALP00000041587, Canis_familiaris.ENSCAFP00000052108, Danio_rerio.ENSDARP00000115049, Drosophila_melanogaster.FBpp0112209
RefOG051	12	17	66	242	179	180	Tetraodon_nigroviridis.ENSTNIP00000007995, Tetraodon_nigroviridis.ENSTNIP00000006541, Ciona_intestinalis.ENSCINP00000035369, Drosophila_melanogaster.FBpp0088438, Homo_sapiens.ENSP00000367615, Danio_rerio.ENSDARP00000124165, Monodelphis_domestica.ENSMODP00000004972, Caenorhabditis_elegans.WBGene00020557.1, Gallus_gallus.ENSGALP00000042557, Gallus_gallus.ENSGALP00000044023, Pan_troglodytes.ENSPTRP00000014433, Rattus_norvegicus.ENSRNOP00000061449, Mus_musculus.ENSMUSP00000006764, Danio_rerio.ENSDARP00000129362, Tetraodon_nigroviridis.ENSTNIP00000019325, Canis_familiaris.ENSCAFP00000029425, Danio_rerio.ENSDARP00000152758
RefOG024	12	51	201	1013	474	466	Danio_rerio.ENSDARP00000005298, Rattus_norvegicus.ENSRNOP00000070204, Pan_troglodytes.ENSPTRP00000063859, Danio_rerio.ENSDARP00000134903, Gallus_gallus.ENSGALP00000069949, Homo_sapiens.ENSP00000255409, Mus_musculus.ENSMUSP00000078134, Tetraodon_nigroviridis.ENSTNIP00000001773, Monodelphis_domestica.ENSMODP00000040149, Monodelphis_domestica.ENSMODP00000001804, Pan_troglodytes.ENSPTRP00000003133, Monodelphis_domestica.ENSMODP00000043631, Mus_musculus.ENSMUSP00000000573, Pan_troglodytes.ENSPTRP00000081197, Rattus_norvegicus.ENSRNOP00000073705, Mus_musculus.ENSMUSP00000142477, Mus_musculus.ENSMUSP00000053923, Canis_familiaris.ENSCAFP00000020233, Gallus_gallus.ENSGALP00000066799, Danio_rerio.ENSDARP00000102083, Rattus_norvegicus.ENSRNOP00000052819, Caenorhabditis_elegans.WBGene00000503.1, Monodelphis_domestica.ENSMODP00000001616, Ciona_intestinalis.ENSCINP00000028628, Rattus_norvegicus.ENSRNOP00000052813, Danio_rerio.ENSDARP00000135566, Homo_sapiens.ENSP00000358755, Danio_rerio.ENSDARP00000138333, Monodelphis_domestica.ENSMODP00000001739, Pan_troglodytes.ENSPTRP00000001896, Homo_sapiens.ENSP00000358747, Rattus_norvegicus.ENSRNOP00000074871, Mus_musculus.ENSMUSP00000080851, Monodelphis_domestica.ENSMODP00000001267, Danio_rerio.ENSDARP00000148464, Canis_familiaris.ENSCAFP00000058655, Monodelphis_domestica.ENSMODP00000035744, Pan_troglodytes.ENSPTRP00000041993, Mus_musculus.ENSMUSP00000029510, Drosophila_melanogaster.FBpp0072985, Mus_musculus.ENSMUSP00000080717, Mus_musculus.ENSMUSP00000123979, Homo_sapiens.ENSP00000356198, Tetraodon_nigroviridis.ENSTNIP00000003161, Danio_rerio.ENSDARP00000095389, Monodelphis_domestica.ENSMODP00000047764, Pan_troglodytes.ENSPTRP00000088271, Tetraodon_nigroviridis.ENSTNIP00000000910, Homo_sapiens.ENSP00000437082, Gallus_gallus.ENSGALP00000058001, Canis_familiaris.ENSCAFP00000032028
RefOG037	11	34	21	1060	841	950	Tetraodon_nigroviridis.ENSTNIP00000018477, Ciona_intestinalis.ENSCINP00000017560, Monodelphis_domestica.ENSMODP00000024590, Tetraodon_nigroviridis.ENSTNIP00000017286, Gallus_gallus.ENSGALP00000023854, Monodelphis_domestica.ENSMODP00000058400, Canis_familiaris.ENSCAFP00000025076, Pan_troglodytes.ENSPTRP00000057441, Danio_rerio.ENSDARP00000057304, Rattus_norvegicus.ENSRNOP00000071047, Danio_rerio.ENSDARP00000132464, Mus_musculus.ENSMUSP00000029682, Danio_rerio.ENSDARP00000093348, Ciona_intestinalis.ENSCINP00000005599, Mus_musculus.ENSMUSP00000022213, Rattus_norvegicus.ENSRNOP00000067037, Tetraodon_nigroviridis.ENSTNIP00000023097, Pan_troglodytes.ENSPTRP00000002388, Homo_sapiens.ENSP00000357362, Tetraodon_nigroviridis.ENSTNIP00000012955, Gallus_gallus.ENSGALP00000005183, Homo_sapiens.ENSP00000222271, Homo_sapiens.ENSP00000339730, Rattus_norvegicus.ENSRNOP00000074259, Canis_familiaris.ENSCAFP00000055935, Danio_rerio.ENSDARP00000129945, Pan_troglodytes.ENSPTRP00000029161, Tetraodon_nigroviridis.ENSTNIP00000003343, Danio_rerio.ENSDARP00000142363, Monodelphis_domestica.ENSMODP00000004469, Drosophila_melanogaster.FBpp0112980, Tetraodon_nigroviridis.ENSTNIP00000000263, Mus_musculus.ENSMUSP00000003659, Canis_familiaris.ENSCAFP00000053810
RefOG050	12	14	88	477	423	466	Rattus_norvegicus.ENSRNOP00000009462, Drosophila_melanogaster.FBpp0071759, Caenorhabditis_elegans.WBGene00012608.1, Ciona_intestinalis.ENSCINP00000009349, Danio_rerio.ENSDARP00000070033, Tetraodon_nigroviridis.ENSTNIP00000007573, Gallus_gallus.ENSGALP00000054565, Homo_sapiens.ENSP00000428055, Pan_troglodytes.ENSPTRP00000068416, Monodelphis_domestica.ENSMODP00000009967, Canis_familiaris.ENSCAFP00000010872, Homo_sapiens.ENSP00000379865, Homo_sapiens.ENSP00000497007, Mus_musculus.ENSMUSP00000116627
RefOG022	12	35	96	712	439	444	Gallus_gallus.ENSGALP00000068882, Danio_rerio.ENSDARP00000156542, Pan_troglodytes.ENSPTRP00000064658, Tetraodon_nigroviridis.ENSTNIP00000006319, Gallus_gallus.ENSGALP00000030109, Rattus_norvegicus.ENSRNOP00000026187, Danio_rerio.ENSDARP00000120165, Danio_rerio.ENSDARP00000076594, Monodelphis_domestica.ENSMODP00000010015, Ciona_intestinalis.ENSCINP00000027906, Tetraodon_nigroviridis.ENSTNIP00000022954, Pan_troglodytes.ENSPTRP00000086593, Danio_rerio.ENSDARP00000002330, Mus_musculus.ENSMUSP00000100041, Tetraodon_nigroviridis.ENSTNIP00000014051, Mus_musculus.ENSMUSP00000033502, Rattus_norvegicus.ENSRNOP00000067336, Rattus_norvegicus.ENSRNOP00000038111, Canis_familiaris.ENSCAFP00000007467, Tetraodon_nigroviridis.ENSTNIP00000017630, Homo_sapiens.ENSP00000365858, Monodelphis_domestica.ENSMODP00000012647, Tetraodon_nigroviridis.ENSTNIP00000010123, Pan_troglodytes.ENSPTRP00000054198, Caenorhabditis_elegans.WBGene00001249.1, Canis_familiaris.ENSCAFP00000022898, Canis_familiaris.ENSCAFP00000006152, Mus_musculus.ENSMUSP00000128198, Drosophila_melanogaster.FBpp0303221, Rattus_norvegicus.ENSRNOP00000017240, Danio_rerio.ENSDARP00000017572, Homo_sapiens.ENSP00000368632, Homo_sapiens.ENSP00000345681, Danio_rerio.ENSDARP00000076855, Monodelphis_domestica.ENSMODP00000020895
RefOG013	2	27	471	947	676	636	Drosophila_melanogaster.FBpp0301563, Drosophila_melanogaster.FBpp0307913, Drosophila_melanogaster.FBpp0288951, Drosophila_melanogaster.FBpp0072181, Drosophila_melanogaster.FBpp0304756, Drosophila_melanogaster.FBpp0307914, Drosophila_melanogaster.FBpp0307916, Caenorhabditis_elegans.WBGene00001618.1, Drosophila_melanogaster.FBpp0074638, Drosophila_melanogaster.FBpp0288950, Drosophila_melanogaster.FBpp0307899, Drosophila_melanogaster.FBpp0307900, Drosophila_melanogaster.FBpp0087171, Drosophila_melanogaster.FBpp0075915, Drosophila_melanogaster.FBpp0081400, Drosophila_melanogaster.FBpp0307907, Drosophila_melanogaster.FBpp0290822, Drosophila_melanogaster.FBpp0071032, Drosophila_melanogaster.FBpp0071268, Caenorhabditis_elegans.WBGene00001619.1, Caenorhabditis_elegans.WBGene00020804.1, Drosophila_melanogaster.FBpp0288952, Drosophila_melanogaster.FBpp0085662, Drosophila_melanogaster.FBpp0071044, Drosophila_melanogaster.FBpp0288956, Drosophila_melanogaster.FBpp0111921, Drosophila_melanogaster.FBpp0099386
RefOG014	11	44	48	5646	1313	796	Gallus_gallus.ENSGALP00000073167, Pan_troglodytes.ENSPTRP00000001775, Homo_sapiens.ENSP00000358380, Tetraodon_nigroviridis.ENSTNIP00000002473, Pan_troglodytes.ENSPTRP00000091776, Gallus_gallus.ENSGALP00000065840, Homo_sapiens.ENSP00000316782, Homo_sapiens.ENSP00000480818, Pan_troglodytes.ENSPTRP00000076194, Pan_troglodytes.ENSPTRP00000056359, Rattus_norvegicus.ENSRNOP00000072921, Homo_sapiens.ENSP00000477979, Danio_rerio.ENSDARP00000118732, Pan_troglodytes.ENSPTRP00000073455, Pan_troglodytes.ENSPTRP00000058531, Homo_sapiens.ENSP00000474456, Canis_familiaris.ENSCAFP00000037424, Pan_troglodytes.ENSPTRP00000092968, Homo_sapiens.ENSP00000463957, Homo_sapiens.ENSP00000462316, Mus_musculus.ENSMUSP00000088254, Homo_sapiens.ENSP00000479693, Gallus_gallus.ENSGALP00000055818, Monodelphis_domestica.ENSMODP00000042543, Gallus_gallus.ENSGALP00000072279, Homo_sapiens.ENSP00000478752, Tetraodon_nigroviridis.ENSTNIP00000017251, Homo_sapiens.ENSP00000478609, Homo_sapiens.ENSP00000481835, Pan_troglodytes.ENSPTRP00000092836, Homo_sapiens.ENSP00000359057, Canis_familiaris.ENSCAFP00000038345, Homo_sapiens.ENSP00000481542, Canis_familiaris.ENSCAFP00000015918, Pan_troglodytes.ENSPTRP00000040053, Monodelphis_domestica.ENSMODP00000042752, Homo_sapiens.ENSP00000479545, Ciona_intestinalis.ENSCINP00000022631, Pan_troglodytes.ENSPTRP00000074147, Drosophila_melanogaster.FBpp0301625, Tetraodon_nigroviridis.ENSTNIP00000018365, Monodelphis_domestica.ENSMODP00000028971, Homo_sapiens.ENSP00000477509, Homo_sapiens.ENSP00000498781
RefOG043	12	17	78	457	348	407	Canis_familiaris.ENSCAFP00000054654, Drosophila_melanogaster.FBpp0308450, Monodelphis_domestica.ENSMODP00000055025, Mus_musculus.ENSMUSP00000080301, Gallus_gallus.ENSGALP00000054065, Homo_sapiens.ENSP00000338788, Ciona_intestinalis.ENSCINP00000014158, Pan_troglodytes.ENSPTRP00000071872, Rattus_norvegicus.ENSRNOP00000007276, Danio_rerio.ENSDARP00000017582, Tetraodon_nigroviridis.ENSTNIP00000012749, Monodelphis_domestica.ENSMODP00000000871, Monodelphis_domestica.ENSMODP00000013310, Caenorhabditis_elegans.WBGene00009189.1, Pan_troglodytes.ENSPTRP00000021742, Monodelphis_domestica.ENSMODP00000044148, Rattus_norvegicus.ENSRNOP00000071553
RefOG018	10	12	64	104	79	72	Caenorhabditis_elegans.WBGene00022492.1, Canis_familiaris.ENSCAFP00000051064, Mus_musculus.ENSMUSP00000040741, Danio_rerio.ENSDARP00000030382, Ciona_intestinalis.ENSCINP00000032129, Gallus_gallus.ENSGALP00000015826, Tetraodon_nigroviridis.ENSTNIP00000020914, Pan_troglodytes.ENSPTRP00000081578, Pan_troglodytes.ENSPTRP00000087708, Canis_familiaris.ENSCAFP00000055410, Drosophila_melanogaster.FBpp0079031, Rattus_norvegicus.ENSRNOP00000013841
RefOG008	12	14	207	485	256	239	Caenorhabditis_elegans.WBGene00022759.1, Rattus_norvegicus.ENSRNOP00000050922, Drosophila_melanogaster.FBpp0070997, Danio_rerio.ENSDARP00000064514, Rattus_norvegicus.ENSRNOP00000075733, Canis_familiaris.ENSCAFP00000016379, Homo_sapiens.ENSP00000326817, Pan_troglodytes.ENSPTRP00000011913, Gallus_gallus.ENSGALP00000064119, Ciona_intestinalis.ENSCINP00000024085, Homo_sapiens.ENSP00000497618, Monodelphis_domestica.ENSMODP00000057788, Tetraodon_nigroviridis.ENSTNIP00000005152, Mus_musculus.ENSMUSP00000099554
RefOG029	11	13	175	367	307	347	Drosophila_melanogaster.FBpp0112092, Homo_sapiens.ENSP00000397259, Rattus_norvegicus.ENSRNOP00000028407, Canis_familiaris.ENSCAFP00000021066, Danio_rerio.ENSDARP00000126649, Mus_musculus.ENSMUSP00000102750, Gallus_gallus.ENSGALP00000045426, Pan_troglodytes.ENSPTRP00000069746, Ciona_intestinalis.ENSCINP00000000728, Danio_rerio.ENSDARP00000094893, Tetraodon_nigroviridis.ENSTNIP00000022109, Tetraodon_nigroviridis.ENSTNIP00000006899, Monodelphis_domestica.ENSMODP00000014717
