RefOGs	nume_species	num_genes	min_length	max_length	mean_length	median_length	Orthogroups
RefOG069	10	31	100	356	155	154	Rattus_norvegicus.ENSRNOP00000008037, Pan_troglodytes.ENSPTRP00000034753, Rattus_norvegicus.ENSRNOP00000028031, Monodelphis_domestica.ENSMODP00000036360, Monodelphis_domestica.ENSMODP00000023062, Homo_sapiens.ENSP00000369798, Canis_familiaris.ENSCAFP00000007854, Danio_rerio.ENSDARP00000019621, Homo_sapiens.ENSP00000273610, Gallus_gallus.ENSGALP00000071657, Gallus_gallus.ENSGALP00000050250, Pan_troglodytes.ENSPTRP00000020205, Drosophila_melanogaster.FBpp0310724, Monodelphis_domestica.ENSMODP00000028973, Danio_rerio.ENSDARP00000107038, Mus_musculus.ENSMUSP00000061185, Homo_sapiens.ENSP00000296099, Pan_troglodytes.ENSPTRP00000050875, Canis_familiaris.ENSCAFP00000031248, Rattus_norvegicus.ENSRNOP00000016953, Canis_familiaris.ENSCAFP00000040748, Mus_musculus.ENSMUSP00000060405, Danio_rerio.ENSDARP00000118835, Homo_sapiens.ENSP00000276571, Danio_rerio.ENSDARP00000114719, Gallus_gallus.ENSGALP00000051792, Tetraodon_nigroviridis.ENSTNIP00000000470, Gallus_gallus.ENSGALP00000073211, Tetraodon_nigroviridis.ENSTNIP00000018015, Mus_musculus.ENSMUSP00000035321, Monodelphis_domestica.ENSMODP00000046926
RefOG003	10	50	147	694	566	586	Danio_rerio.ENSDARP00000117664, Tetraodon_nigroviridis.ENSTNIP00000021658, Pan_troglodytes.ENSPTRP00000068816, Monodelphis_domestica.ENSMODP00000028428, Tetraodon_nigroviridis.ENSTNIP00000020505, Gallus_gallus.ENSGALP00000017666, Rattus_norvegicus.ENSRNOP00000017995, Rattus_norvegicus.ENSRNOP00000070875, Canis_familiaris.ENSCAFP00000044251, Danio_rerio.ENSDARP00000127227, Mus_musculus.ENSMUSP00000021617, Pan_troglodytes.ENSPTRP00000081641, Homo_sapiens.ENSP00000419199, Monodelphis_domestica.ENSMODP00000000114, Canis_familiaris.ENSCAFP00000011747, Mus_musculus.ENSMUSP00000144900, Ciona_intestinalis.ENSCINP00000017539, Monodelphis_domestica.ENSMODP00000044329, Gallus_gallus.ENSGALP00000014312, Tetraodon_nigroviridis.ENSTNIP00000013317, Canis_familiaris.ENSCAFP00000025970, Tetraodon_nigroviridis.ENSTNIP00000002256, Monodelphis_domestica.ENSMODP00000002800, Danio_rerio.ENSDARP00000150851, Danio_rerio.ENSDARP00000151401, Rattus_norvegicus.ENSRNOP00000071182, Danio_rerio.ENSDARP00000130867, Rattus_norvegicus.ENSRNOP00000060663, Danio_rerio.ENSDARP00000114637, Danio_rerio.ENSDARP00000012869, Pan_troglodytes.ENSPTRP00000033631, Homo_sapiens.ENSP00000397655, Gallus_gallus.ENSGALP00000008868, Homo_sapiens.ENSP00000480388, Pan_troglodytes.ENSPTRP00000011370, Homo_sapiens.ENSP00000499751, Gallus_gallus.ENSGALP00000059321, Tetraodon_nigroviridis.ENSTNIP00000020643, Danio_rerio.ENSDARP00000142281, Canis_familiaris.ENSCAFP00000003986, Tetraodon_nigroviridis.ENSTNIP00000007468, Danio_rerio.ENSDARP00000143738, Rattus_norvegicus.ENSRNOP00000057236, Homo_sapiens.ENSP00000451575, Danio_rerio.ENSDARP00000148698, Mus_musculus.ENSMUSP00000155147, Danio_rerio.ENSDARP00000146405, Mus_musculus.ENSMUSP00000031696, Danio_rerio.ENSDARP00000151817, Mus_musculus.ENSMUSP00000087810
RefOG056	7	7	1411	2034	1681	1460	Canis_familiaris.ENSCAFP00000019200, Monodelphis_domestica.ENSMODP00000017111, Pan_troglodytes.ENSPTRP00000007418, Homo_sapiens.ENSP00000278935, Gallus_gallus.ENSGALP00000011817, Rattus_norvegicus.ENSRNOP00000066074, Mus_musculus.ENSMUSP00000149815
RefOG020	12	28	170	1847	1571	1690	Danio_rerio.ENSDARP00000129072, Canis_familiaris.ENSCAFP00000009112, Monodelphis_domestica.ENSMODP00000054906, Mus_musculus.ENSMUSP00000098765, Rattus_norvegicus.ENSRNOP00000054270, Pan_troglodytes.ENSPTRP00000070019, Mus_musculus.ENSMUSP00000033899, Pan_troglodytes.ENSPTRP00000058373, Rattus_norvegicus.ENSRNOP00000074055, Homo_sapiens.ENSP00000378340, Homo_sapiens.ENSP00000353654, Canis_familiaris.ENSCAFP00000037428, Drosophila_melanogaster.FBpp0078640, Gallus_gallus.ENSGALP00000072403, Danio_rerio.ENSDARP00000135982, Tetraodon_nigroviridis.ENSTNIP00000002564, Caenorhabditis_elegans.WBGene00002280.1, Canis_familiaris.ENSCAFP00000015315, Tetraodon_nigroviridis.ENSTNIP00000008199, Ciona_intestinalis.ENSCINP00000016017, Mus_musculus.ENSMUSP00000155180, Pan_troglodytes.ENSPTRP00000048691, Homo_sapiens.ENSP00000379866, Gallus_gallus.ENSGALP00000007904, Mus_musculus.ENSMUSP00000084282, Rattus_norvegicus.ENSRNOP00000073623, Danio_rerio.ENSDARP00000105937, Gallus_gallus.ENSGALP00000065392
RefOG011	11	94	129	829	447	478	Tetraodon_nigroviridis.ENSTNIP00000000293, Mus_musculus.ENSMUSP00000080501, Gallus_gallus.ENSGALP00000010763, Rattus_norvegicus.ENSRNOP00000047586, Homo_sapiens.ENSP00000217407, Tetraodon_nigroviridis.ENSTNIP00000005555, Canis_familiaris.ENSCAFP00000035668, Homo_sapiens.ENSP00000364643, Rattus_norvegicus.ENSRNOP00000052209, Pan_troglodytes.ENSPTRP00000022962, Monodelphis_domestica.ENSMODP00000056473, Homo_sapiens.ENSP00000253354, Mus_musculus.ENSMUSP00000028984, Canis_familiaris.ENSCAFP00000010902, Mus_musculus.ENSMUSP00000046683, Mus_musculus.ENSMUSP00000159206, Gallus_gallus.ENSGALP00000038462, Mus_musculus.ENSMUSP00000028985, Canis_familiaris.ENSCAFP00000010928, Danio_rerio.ENSDARP00000131164, Homo_sapiens.ENSP00000170150, Gallus_gallus.ENSGALP00000056066, Mus_musculus.ENSMUSP00000063107, Homo_sapiens.ENSP00000200676, Monodelphis_domestica.ENSMODP00000000053, Homo_sapiens.ENSP00000364603, Rattus_norvegicus.ENSRNOP00000017876, Canis_familiaris.ENSCAFP00000010910, Pan_troglodytes.ENSPTRP00000023154, Gallus_gallus.ENSGALP00000071616, Caenorhabditis_elegans.WBGene00007325.1, Homo_sapiens.ENSP00000501266, Rattus_norvegicus.ENSRNOP00000032123, Homo_sapiens.ENSP00000361508, Mus_musculus.ENSMUSP00000016168, Canis_familiaris.ENSCAFP00000010917, Rattus_norvegicus.ENSRNOP00000018226, Monodelphis_domestica.ENSMODP00000000170, Pan_troglodytes.ENSPTRP00000024606, Rattus_norvegicus.ENSRNOP00000018512, Canis_familiaris.ENSCAFP00000056303, Mus_musculus.ENSMUSP00000086342, Mus_musculus.ENSMUSP00000086347, Danio_rerio.ENSDARP00000139184, Pan_troglodytes.ENSPTRP00000087924, Gallus_gallus.ENSGALP00000045600, Gallus_gallus.ENSGALP00000010903, Rattus_norvegicus.ENSRNOP00000052216, Mus_musculus.ENSMUSP00000028983, Gallus_gallus.ENSGALP00000067696, Pan_troglodytes.ENSPTRP00000092888, Canis_familiaris.ENSCAFP00000013086, Pan_troglodytes.ENSPTRP00000067809, Monodelphis_domestica.ENSMODP00000045835, Canis_familiaris.ENSCAFP00000051263, Homo_sapiens.ENSP00000253362, Homo_sapiens.ENSP00000364562, Rattus_norvegicus.ENSRNOP00000020713, Tetraodon_nigroviridis.ENSTNIP00000010150, Ciona_intestinalis.ENSCINP00000025896, Pan_troglodytes.ENSPTRP00000042215, Pan_troglodytes.ENSPTRP00000022959, Rattus_norvegicus.ENSRNOP00000038379, Monodelphis_domestica.ENSMODP00000000058, Monodelphis_domestica.ENSMODP00000017144, Homo_sapiens.ENSP00000262865, Mus_musculus.ENSMUSP00000104939, Rattus_norvegicus.ENSRNOP00000016431, Canis_familiaris.ENSCAFP00000010879, Pan_troglodytes.ENSPTRP00000022948, Canis_familiaris.ENSCAFP00000010978, Pan_troglodytes.ENSPTRP00000046582, Canis_familiaris.ENSCAFP00000010887, Canis_familiaris.ENSCAFP00000014457, Monodelphis_domestica.ENSMODP00000000214, Homo_sapiens.ENSP00000380594, Rattus_norvegicus.ENSRNOP00000049523, Rattus_norvegicus.ENSRNOP00000019787, Canis_familiaris.ENSCAFP00000053048, Pan_troglodytes.ENSPTRP00000055611, Homo_sapiens.ENSP00000344929, Caenorhabditis_elegans.WBGene00015545.1, Canis_familiaris.ENSCAFP00000054310, Mus_musculus.ENSMUSP00000067837, Monodelphis_domestica.ENSMODP00000038592, Rattus_norvegicus.ENSRNOP00000022594, Pan_troglodytes.ENSPTRP00000052264, Rattus_norvegicus.ENSRNOP00000018581, Mus_musculus.ENSMUSP00000046080, Gallus_gallus.ENSGALP00000056121, Pan_troglodytes.ENSPTRP00000022947, Mus_musculus.ENSMUSP00000028986, Pan_troglodytes.ENSPTRP00000023152, Monodelphis_domestica.ENSMODP00000030671
RefOG052	10	15	205	967	740	815	Tetraodon_nigroviridis.ENSTNIP00000018191, Tetraodon_nigroviridis.ENSTNIP00000010080, Canis_familiaris.ENSCAFP00000048566, Tetraodon_nigroviridis.ENSTNIP00000013946, Monodelphis_domestica.ENSMODP00000002515, Rattus_norvegicus.ENSRNOP00000051102, Danio_rerio.ENSDARP00000073048, Danio_rerio.ENSDARP00000119088, Homo_sapiens.ENSP00000256637, Pan_troglodytes.ENSPTRP00000001807, Ciona_intestinalis.ENSCINP00000033251, Mus_musculus.ENSMUSP00000123564, Gallus_gallus.ENSGALP00000066916, Danio_rerio.ENSDARP00000131691, Danio_rerio.ENSDARP00000025601
RefOG062	11	11	524	634	613	627	Drosophila_melanogaster.FBpp0080676, Tetraodon_nigroviridis.ENSTNIP00000021197, Danio_rerio.ENSDARP00000116055, Ciona_intestinalis.ENSCINP00000002909, Canis_familiaris.ENSCAFP00000016075, Mus_musculus.ENSMUSP00000029651, Gallus_gallus.ENSGALP00000017187, Monodelphis_domestica.ENSMODP00000025799, Homo_sapiens.ENSP00000422354, Rattus_norvegicus.ENSRNOP00000073658, Pan_troglodytes.ENSPTRP00000045717
RefOG054	12	44	79	751	523	530	Caenorhabditis_elegans.WBGene00016419.1, Ciona_intestinalis.ENSCINP00000025552, Pan_troglodytes.ENSPTRP00000071832, Gallus_gallus.ENSGALP00000035733, Ciona_intestinalis.ENSCINP00000025546, Homo_sapiens.ENSP00000373570, Homo_sapiens.ENSP00000263321, Drosophila_melanogaster.FBpp0291497, Caenorhabditis_elegans.WBGene00015332.1, Ciona_intestinalis.ENSCINP00000018374, Monodelphis_domestica.ENSMODP00000018820, Drosophila_melanogaster.FBpp0291496, Gallus_gallus.ENSGALP00000037537, Caenorhabditis_elegans.WBGene00009001.1, Caenorhabditis_elegans.WBGene00022231.1, Ciona_intestinalis.ENSCINP00000010295, Ciona_intestinalis.ENSCINP00000019001, Danio_rerio.ENSDARP00000110477, Mus_musculus.ENSMUSP00000004770, Monodelphis_domestica.ENSMODP00000003356, Tetraodon_nigroviridis.ENSTNIP00000012844, Homo_sapiens.ENSP00000392762, Caenorhabditis_elegans.WBGene00010661.1, Ciona_intestinalis.ENSCINP00000035497, Tetraodon_nigroviridis.ENSTNIP00000014259, Canis_familiaris.ENSCAFP00000006504, Monodelphis_domestica.ENSMODP00000011738, Canis_familiaris.ENSCAFP00000007942, Danio_rerio.ENSDARP00000050527, Rattus_norvegicus.ENSRNOP00000041764, Ciona_intestinalis.ENSCINP00000010070, Caenorhabditis_elegans.WBGene00021553.1, Ciona_intestinalis.ENSCINP00000008838, Tetraodon_nigroviridis.ENSTNIP00000008359, Mus_musculus.ENSMUSP00000022725, Pan_troglodytes.ENSPTRP00000007149, Mus_musculus.ENSMUSP00000099895, Ciona_intestinalis.ENSCINP00000002932, Tetraodon_nigroviridis.ENSTNIP00000001461, Pan_troglodytes.ENSPTRP00000080305, Rattus_norvegicus.ENSRNOP00000021971, Danio_rerio.ENSDARP00000111575, Gallus_gallus.ENSGALP00000027812, Danio_rerio.ENSDARP00000073055
RefOG060	11	68	104	447	319	320	Mus_musculus.ENSMUSP00000019290, Mus_musculus.ENSMUSP00000047888, Mus_musculus.ENSMUSP00000090567, Danio_rerio.ENSDARP00000099217, Danio_rerio.ENSDARP00000128562, Tetraodon_nigroviridis.ENSTNIP00000021358, Gallus_gallus.ENSGALP00000070440, Caenorhabditis_elegans.WBGene00017400.1, Pan_troglodytes.ENSPTRP00000016239, Rattus_norvegicus.ENSRNOP00000004578, Rattus_norvegicus.ENSRNOP00000016632, Mus_musculus.ENSMUSP00000144569, Rattus_norvegicus.ENSRNOP00000069074, Monodelphis_domestica.ENSMODP00000044818, Danio_rerio.ENSDARP00000136308, Gallus_gallus.ENSGALP00000072719, Pan_troglodytes.ENSPTRP00000048500, Danio_rerio.ENSDARP00000098491, Gallus_gallus.ENSGALP00000043241, Monodelphis_domestica.ENSMODP00000036263, Tetraodon_nigroviridis.ENSTNIP00000008143, Danio_rerio.ENSDARP00000155289, Mus_musculus.ENSMUSP00000138618, Tetraodon_nigroviridis.ENSTNIP00000000351, Homo_sapiens.ENSP00000262138, Canis_familiaris.ENSCAFP00000066699, Tetraodon_nigroviridis.ENSTNIP00000014905, Homo_sapiens.ENSP00000375647, Tetraodon_nigroviridis.ENSTNIP00000010929, Danio_rerio.ENSDARP00000118548, Pan_troglodytes.ENSPTRP00000019652, Danio_rerio.ENSDARP00000119475, Gallus_gallus.ENSGALP00000058205, Homo_sapiens.ENSP00000300105, Pan_troglodytes.ENSPTRP00000077368, Pan_troglodytes.ENSPTRP00000024653, Danio_rerio.ENSDARP00000115063, Danio_rerio.ENSDARP00000041387, Tetraodon_nigroviridis.ENSTNIP00000010928, Monodelphis_domestica.ENSMODP00000020393, Canis_familiaris.ENSCAFP00000039820, Rattus_norvegicus.ENSRNOP00000004383, Tetraodon_nigroviridis.ENSTNIP00000004552, Tetraodon_nigroviridis.ENSTNIP00000021357, Danio_rerio.ENSDARP00000122486, Tetraodon_nigroviridis.ENSTNIP00000017140, Canis_familiaris.ENSCAFP00000041557, Tetraodon_nigroviridis.ENSTNIP00000022009, Gallus_gallus.ENSGALP00000006216, Pan_troglodytes.ENSPTRP00000013481, Danio_rerio.ENSDARP00000024358, Gallus_gallus.ENSGALP00000056198, Homo_sapiens.ENSP00000436836, Drosophila_melanogaster.FBpp0076940, Canis_familiaris.ENSCAFP00000036147, Canis_familiaris.ENSCAFP00000061579, Tetraodon_nigroviridis.ENSTNIP00000014204, Homo_sapiens.ENSP00000270458, Rattus_norvegicus.ENSRNOP00000008414, Mus_musculus.ENSMUSP00000081664, Caenorhabditis_elegans.WBGene00007670.1, Tetraodon_nigroviridis.ENSTNIP00000014563, Rattus_norvegicus.ENSRNOP00000075354, Homo_sapiens.ENSP00000005284, Mus_musculus.ENSMUSP00000021066, Danio_rerio.ENSDARP00000152488, Canis_familiaris.ENSCAFP00000043873, Mus_musculus.ENSMUSP00000137710
RefOG009	12	23	598	3375	2691	3075	Homo_sapiens.ENSP00000374309, Rattus_norvegicus.ENSRNOP00000070049, Caenorhabditis_elegans.WBGene00002248.1, Gallus_gallus.ENSGALP00000064934, Mus_musculus.ENSMUSP00000043957, Canis_familiaris.ENSCAFP00000031428, Danio_rerio.ENSDARP00000145314, Mus_musculus.ENSMUSP00000090304, Canis_familiaris.ENSCAFP00000027440, Rattus_norvegicus.ENSRNOP00000023224, Tetraodon_nigroviridis.ENSTNIP00000019514, Pan_troglodytes.ENSPTRP00000031732, Monodelphis_domestica.ENSMODP00000042084, Ciona_intestinalis.ENSCINP00000016161, Drosophila_melanogaster.FBpp0291871, Homo_sapiens.ENSP00000400365, Monodelphis_domestica.ENSMODP00000040336, Danio_rerio.ENSDARP00000135371, Tetraodon_nigroviridis.ENSTNIP00000016514, Gallus_gallus.ENSGALP00000036103, Pan_troglodytes.ENSPTRP00000085556, Gallus_gallus.ENSGALP00000066070, Danio_rerio.ENSDARP00000131993
RefOG027	11	20	290	674	383	372	Danio_rerio.ENSDARP00000005376, Monodelphis_domestica.ENSMODP00000015177, Danio_rerio.ENSDARP00000067763, Tetraodon_nigroviridis.ENSTNIP00000022142, Gallus_gallus.ENSGALP00000066262, Canis_familiaris.ENSCAFP00000005183, Canis_familiaris.ENSCAFP00000015677, Homo_sapiens.ENSP00000263955, Homo_sapiens.ENSP00000319192, Pan_troglodytes.ENSPTRP00000032664, Rattus_norvegicus.ENSRNOP00000016857, Danio_rerio.ENSDARP00000152543, Ciona_intestinalis.ENSCINP00000027245, Tetraodon_nigroviridis.ENSTNIP00000014654, Tetraodon_nigroviridis.ENSTNIP00000021009, Pan_troglodytes.ENSPTRP00000021817, Danio_rerio.ENSDARP00000010065, Gallus_gallus.ENSGALP00000056836, Mus_musculus.ENSMUSP00000027263, Drosophila_melanogaster.FBpp0309256
RefOG070	12	13	428	507	435	428	Drosophila_melanogaster.FBpp0078414, Homo_sapiens.ENSP00000302967, Ciona_intestinalis.ENSCINP00000004801, Caenorhabditis_elegans.WBGene00001835.1, Danio_rerio.ENSDARP00000135487, Danio_rerio.ENSDARP00000054625, Monodelphis_domestica.ENSMODP00000013319, Pan_troglodytes.ENSPTRP00000029652, Tetraodon_nigroviridis.ENSTNIP00000013021, Mus_musculus.ENSMUSP00000037981, Canis_familiaris.ENSCAFP00000030390, Rattus_norvegicus.ENSRNOP00000071791, Gallus_gallus.ENSGALP00000004141
RefOG007	9	57	309	3080	923	693	Pan_troglodytes.ENSPTRP00000092276, Gallus_gallus.ENSGALP00000049008, Rattus_norvegicus.ENSRNOP00000071610, Tetraodon_nigroviridis.ENSTNIP00000021388, Danio_rerio.ENSDARP00000121957, Gallus_gallus.ENSGALP00000010309, Pan_troglodytes.ENSPTRP00000041054, Homo_sapiens.ENSP00000369198, Rattus_norvegicus.ENSRNOP00000020062, Danio_rerio.ENSDARP00000124010, Monodelphis_domestica.ENSMODP00000051618, Danio_rerio.ENSDARP00000120943, Gallus_gallus.ENSGALP00000001725, Pan_troglodytes.ENSPTRP00000084092, Rattus_norvegicus.ENSRNOP00000039239, Danio_rerio.ENSDARP00000115692, Canis_familiaris.ENSCAFP00000052220, Canis_familiaris.ENSCAFP00000012793, Mus_musculus.ENSMUSP00000158717, Canis_familiaris.ENSCAFP00000012785, Tetraodon_nigroviridis.ENSTNIP00000019961, Tetraodon_nigroviridis.ENSTNIP00000013030, Tetraodon_nigroviridis.ENSTNIP00000012908, Mus_musculus.ENSMUSP00000116634, Canis_familiaris.ENSCAFP00000050615, Gallus_gallus.ENSGALP00000022368, Pan_troglodytes.ENSPTRP00000054569, Monodelphis_domestica.ENSMODP00000021319, Homo_sapiens.ENSP00000290823, Monodelphis_domestica.ENSMODP00000017533, Canis_familiaris.ENSCAFP00000016093, Monodelphis_domestica.ENSMODP00000060486, Homo_sapiens.ENSP00000332900, Monodelphis_domestica.ENSMODP00000017522, Rattus_norvegicus.ENSRNOP00000029263, Pan_troglodytes.ENSPTRP00000072301, Danio_rerio.ENSDARP00000101005, Tetraodon_nigroviridis.ENSTNIP00000002924, Mus_musculus.ENSMUSP00000132628, Pan_troglodytes.ENSPTRP00000042713, Danio_rerio.ENSDARP00000060709, Danio_rerio.ENSDARP00000107322, Tetraodon_nigroviridis.ENSTNIP00000013027, Danio_rerio.ENSDARP00000154795, Gallus_gallus.ENSGALP00000050330, Canis_familiaris.ENSCAFP00000012769, Mus_musculus.ENSMUSP00000137520, Danio_rerio.ENSDARP00000155319, Rattus_norvegicus.ENSRNOP00000057982, Danio_rerio.ENSDARP00000142495, Homo_sapiens.ENSP00000356581, Homo_sapiens.ENSP00000456794, Mus_musculus.ENSMUSP00000051079, Tetraodon_nigroviridis.ENSTNIP00000007341, Mus_musculus.ENSMUSP00000108019, Homo_sapiens.ENSP00000377699, Tetraodon_nigroviridis.ENSTNIP00000016620
RefOG059	10	10	1250	1341	1298	1298	Gallus_gallus.ENSGALP00000023954, Monodelphis_domestica.ENSMODP00000046619, Canis_familiaris.ENSCAFP00000057847, Homo_sapiens.ENSP00000275159, Tetraodon_nigroviridis.ENSTNIP00000022344, Rattus_norvegicus.ENSRNOP00000001051, Pan_troglodytes.ENSPTRP00000093050, Danio_rerio.ENSDARP00000122813, Ciona_intestinalis.ENSCINP00000014439, Mus_musculus.ENSMUSP00000097328
RefOG046	11	32	57	113	86	92	Monodelphis_domestica.ENSMODP00000058728, Tetraodon_nigroviridis.ENSTNIP00000010730, Canis_familiaris.ENSCAFP00000065560, Canis_familiaris.ENSCAFP00000047743, Monodelphis_domestica.ENSMODP00000037042, Rattus_norvegicus.ENSRNOP00000033369, Monodelphis_domestica.ENSMODP00000042208, Canis_familiaris.ENSCAFP00000034989, Rattus_norvegicus.ENSRNOP00000004303, Pan_troglodytes.ENSPTRP00000088767, Canis_familiaris.ENSCAFP00000055696, Canis_familiaris.ENSCAFP00000037138, Drosophila_melanogaster.FBpp0078655, Canis_familiaris.ENSCAFP00000052086, Monodelphis_domestica.ENSMODP00000056480, Pan_troglodytes.ENSPTRP00000093619, Canis_familiaris.ENSCAFP00000058366, Homo_sapiens.ENSP00000418082, Pan_troglodytes.ENSPTRP00000093378, Canis_familiaris.ENSCAFP00000043258, Ciona_intestinalis.ENSCINP00000024072, Monodelphis_domestica.ENSMODP00000049610, Rattus_norvegicus.ENSRNOP00000042454, Caenorhabditis_elegans.WBGene00004456.1, Canis_familiaris.ENSCAFP00000052309, Canis_familiaris.ENSCAFP00000056019, Monodelphis_domestica.ENSMODP00000059229, Rattus_norvegicus.ENSRNOP00000047513, Danio_rerio.ENSDARP00000149337, Canis_familiaris.ENSCAFP00000061445, Canis_familiaris.ENSCAFP00000066500, Mus_musculus.ENSMUSP00000058919
RefOG057	12	16	125	399	258	253	Drosophila_melanogaster.FBpp0086203, Gallus_gallus.ENSGALP00000048776, Pan_troglodytes.ENSPTRP00000002323, Mus_musculus.ENSMUSP00000159150, Tetraodon_nigroviridis.ENSTNIP00000021505, Danio_rerio.ENSDARP00000155511, Mus_musculus.ENSMUSP00000124554, Homo_sapiens.ENSP00000357507, Rattus_norvegicus.ENSRNOP00000074705, Canis_familiaris.ENSCAFP00000062230, Caenorhabditis_elegans.WBGene00044438.1, Monodelphis_domestica.ENSMODP00000045994, Danio_rerio.ENSDARP00000072465, Ciona_intestinalis.ENSCINP00000025558, Tetraodon_nigroviridis.ENSTNIP00000020711, Danio_rerio.ENSDARP00000147427
RefOG053	11	13	410	1262	894	893	Canis_familiaris.ENSCAFP00000016488, Homo_sapiens.ENSP00000312435, Danio_rerio.ENSDARP00000106371, Tetraodon_nigroviridis.ENSTNIP00000007942, Tetraodon_nigroviridis.ENSTNIP00000021045, Gallus_gallus.ENSGALP00000073380, Drosophila_melanogaster.FBpp0297348, Mus_musculus.ENSMUSP00000142109, Monodelphis_domestica.ENSMODP00000048755, Gallus_gallus.ENSGALP00000051570, Pan_troglodytes.ENSPTRP00000025763, Rattus_norvegicus.ENSRNOP00000026327, Ciona_intestinalis.ENSCINP00000018986
RefOG044	11	14	109	681	534	600	Mus_musculus.ENSMUSP00000149861, Homo_sapiens.ENSP00000349577, Monodelphis_domestica.ENSMODP00000046488, Danio_rerio.ENSDARP00000085764, Tetraodon_nigroviridis.ENSTNIP00000011923, Gallus_gallus.ENSGALP00000012517, Caenorhabditis_elegans.WBGene00007197.1, Rattus_norvegicus.ENSRNOP00000002576, Pan_troglodytes.ENSPTRP00000078153, Homo_sapiens.ENSP00000481127, Drosophila_melanogaster.FBpp0076904, Canis_familiaris.ENSCAFP00000059509, Danio_rerio.ENSDARP00000108900, Mus_musculus.ENSMUSP00000003620
RefOG034	10	21	275	459	288	277	Ciona_intestinalis.ENSCINP00000030937, Homo_sapiens.ENSP00000290349, Tetraodon_nigroviridis.ENSTNIP00000012764, Mus_musculus.ENSMUSP00000147517, Rattus_norvegicus.ENSRNOP00000051107, Rattus_norvegicus.ENSRNOP00000073686, Pan_troglodytes.ENSPTRP00000023898, Rattus_norvegicus.ENSRNOP00000043385, Monodelphis_domestica.ENSMODP00000037994, Danio_rerio.ENSDARP00000132762, Rattus_norvegicus.ENSRNOP00000002310, Mus_musculus.ENSMUSP00000049394, Monodelphis_domestica.ENSMODP00000043880, Gallus_gallus.ENSGALP00000064702, Canis_familiaris.ENSCAFP00000014164, Monodelphis_domestica.ENSMODP00000044951, Danio_rerio.ENSDARP00000024104, Pan_troglodytes.ENSPTRP00000023900, Homo_sapiens.ENSP00000290354, Canis_familiaris.ENSCAFP00000021331, Mus_musculus.ENSMUSP00000047712
RefOG042	11	11	157	312	212	200	Mus_musculus.ENSMUSP00000089781, Canis_familiaris.ENSCAFP00000047494, Homo_sapiens.ENSP00000347324, Monodelphis_domestica.ENSMODP00000043783, Pan_troglodytes.ENSPTRP00000039163, Drosophila_melanogaster.FBpp0081772, Ciona_intestinalis.ENSCINP00000024927, Gallus_gallus.ENSGALP00000065695, Tetraodon_nigroviridis.ENSTNIP00000010028, Danio_rerio.ENSDARP00000122154, Rattus_norvegicus.ENSRNOP00000061871
RefOG040	12	13	175	2211	1858	2198	Caenorhabditis_elegans.WBGene00013189.1, Monodelphis_domestica.ENSMODP00000022547, Tetraodon_nigroviridis.ENSTNIP00000007744, Ciona_intestinalis.ENSCINP00000033683, Ciona_intestinalis.ENSCINP00000031503, Rattus_norvegicus.ENSRNOP00000053848, Mus_musculus.ENSMUSP00000036726, Danio_rerio.ENSDARP00000106925, Drosophila_melanogaster.FBpp0082601, Homo_sapiens.ENSP00000358159, Pan_troglodytes.ENSPTRP00000031510, Canis_familiaris.ENSCAFP00000005292, Gallus_gallus.ENSGALP00000024889
RefOG067	12	13	124	312	145	125	Ciona_intestinalis.ENSCINP00000023727, Canis_familiaris.ENSCAFP00000058079, Drosophila_melanogaster.FBpp0085873, Homo_sapiens.ENSP00000357285, Monodelphis_domestica.ENSMODP00000043890, Pan_troglodytes.ENSPTRP00000002442, Gallus_gallus.ENSGALP00000058190, Pan_troglodytes.ENSPTRP00000079066, Mus_musculus.ENSMUSP00000029698, Danio_rerio.ENSDARP00000058324, Rattus_norvegicus.ENSRNOP00000026974, Caenorhabditis_elegans.WBGene00022402.1, Tetraodon_nigroviridis.ENSTNIP00000006614
RefOG016	11	25	458	1257	673	648	Danio_rerio.ENSDARP00000087617, Rattus_norvegicus.ENSRNOP00000026032, Tetraodon_nigroviridis.ENSTNIP00000018947, Drosophila_melanogaster.FBpp0073493, Homo_sapiens.ENSP00000409717, Rattus_norvegicus.ENSRNOP00000001996, Mus_musculus.ENSMUSP00000099162, Danio_rerio.ENSDARP00000021697, Monodelphis_domestica.ENSMODP00000017313, Pan_troglodytes.ENSPTRP00000079435, Tetraodon_nigroviridis.ENSTNIP00000005896, Homo_sapiens.ENSP00000339916, Monodelphis_domestica.ENSMODP00000012063, Gallus_gallus.ENSGALP00000039786, Tetraodon_nigroviridis.ENSTNIP00000008535, Canis_familiaris.ENSCAFP00000018366, Pan_troglodytes.ENSPTRP00000092352, Ciona_intestinalis.ENSCINP00000005959, Pan_troglodytes.ENSPTRP00000049722, Canis_familiaris.ENSCAFP00000061863, Danio_rerio.ENSDARP00000132730, Tetraodon_nigroviridis.ENSTNIP00000007193, Tetraodon_nigroviridis.ENSTNIP00000007192, Gallus_gallus.ENSGALP00000011249, Mus_musculus.ENSMUSP00000015137
RefOG035	9	32	145	2327	1995	2261	Rattus_norvegicus.ENSRNOP00000017878, Gallus_gallus.ENSGALP00000024845, Pan_troglodytes.ENSPTRP00000062840, Tetraodon_nigroviridis.ENSTNIP00000017917, Mus_musculus.ENSMUSP00000013995, Tetraodon_nigroviridis.ENSTNIP00000009502, Rattus_norvegicus.ENSRNOP00000024564, Gallus_gallus.ENSGALP00000047036, Danio_rerio.ENSDARP00000113256, Monodelphis_domestica.ENSMODP00000005823, Homo_sapiens.ENSP00000363868, Danio_rerio.ENSDARP00000143169, Pan_troglodytes.ENSPTRP00000063044, Homo_sapiens.ENSP00000263094, Homo_sapiens.ENSP00000359245, Canis_familiaris.ENSCAFP00000004971, Monodelphis_domestica.ENSMODP00000020336, Tetraodon_nigroviridis.ENSTNIP00000011588, Canis_familiaris.ENSCAFP00000052429, Danio_rerio.ENSDARP00000132417, Danio_rerio.ENSDARP00000123162, Pan_troglodytes.ENSPTRP00000062700, Danio_rerio.ENSDARP00000103740, Danio_rerio.ENSDARP00000051555, Tetraodon_nigroviridis.ENSTNIP00000009116, Tetraodon_nigroviridis.ENSTNIP00000014255, Canis_familiaris.ENSCAFP00000029034, Rattus_norvegicus.ENSRNOP00000063805, Mus_musculus.ENSMUSP00000128121, Tetraodon_nigroviridis.ENSTNIP00000001889, Gallus_gallus.ENSGALP00000009224, Mus_musculus.ENSMUSP00000030010
RefOG026	10	40	382	978	804	809	Monodelphis_domestica.ENSMODP00000050992, Homo_sapiens.ENSP00000339824, Monodelphis_domestica.ENSMODP00000013335, Tetraodon_nigroviridis.ENSTNIP00000022035, Tetraodon_nigroviridis.ENSTNIP00000016596, Danio_rerio.ENSDARP00000069743, Canis_familiaris.ENSCAFP00000061374, Danio_rerio.ENSDARP00000011898, Ciona_intestinalis.ENSCINP00000001598, Pan_troglodytes.ENSPTRP00000030013, Homo_sapiens.ENSP00000292408, Monodelphis_domestica.ENSMODP00000010602, Gallus_gallus.ENSGALP00000001710, Danio_rerio.ENSDARP00000013742, Homo_sapiens.ENSP00000393312, Pan_troglodytes.ENSPTRP00000005308, Gallus_gallus.ENSGALP00000045192, Homo_sapiens.ENSP00000410294, Danio_rerio.ENSDARP00000127500, Tetraodon_nigroviridis.ENSTNIP00000002998, Pan_troglodytes.ENSPTRP00000089151, Gallus_gallus.ENSGALP00000046610, Tetraodon_nigroviridis.ENSTNIP00000016409, Mus_musculus.ENSMUSP00000136640, Pan_troglodytes.ENSPTRP00000065828, Rattus_norvegicus.ENSRNOP00000043459, Monodelphis_domestica.ENSMODP00000043120, Tetraodon_nigroviridis.ENSTNIP00000010448, Canis_familiaris.ENSCAFP00000009012, Canis_familiaris.ENSCAFP00000048068, Danio_rerio.ENSDARP00000124761, Mus_musculus.ENSMUSP00000005452, Mus_musculus.ENSMUSP00000110053, Rattus_norvegicus.ENSRNOP00000072062, Danio_rerio.ENSDARP00000143805, Canis_familiaris.ENSCAFP00000024307, Rattus_norvegicus.ENSRNOP00000050988, Rattus_norvegicus.ENSRNOP00000059005, Mus_musculus.ENSMUSP00000112430, Gallus_gallus.ENSGALP00000025286
RefOG045	12	13	298	809	678	735	Monodelphis_domestica.ENSMODP00000016942, Mus_musculus.ENSMUSP00000025385, Gallus_gallus.ENSGALP00000003418, Rattus_norvegicus.ENSRNOP00000070792, Danio_rerio.ENSDARP00000136011, Caenorhabditis_elegans.WBGene00000991.1, Pan_troglodytes.ENSPTRP00000063555, Canis_familiaris.ENSCAFP00000055260, Tetraodon_nigroviridis.ENSTNIP00000019803, Caenorhabditis_elegans.WBGene00017123.1, Drosophila_melanogaster.FBpp0073988, Homo_sapiens.ENSP00000411960, Ciona_intestinalis.ENSCINP00000018749
RefOG064	12	14	155	949	473	430	Gallus_gallus.ENSGALP00000008505, Canis_familiaris.ENSCAFP00000000734, Tetraodon_nigroviridis.ENSTNIP00000012132, Mus_musculus.ENSMUSP00000025406, Danio_rerio.ENSDARP00000098626, Monodelphis_domestica.ENSMODP00000038097, Drosophila_melanogaster.FBpp0081540, Ciona_intestinalis.ENSCINP00000033523, Drosophila_melanogaster.FBpp0087322, Caenorhabditis_elegans.WBGene00008934.1, Pan_troglodytes.ENSPTRP00000029375, Rattus_norvegicus.ENSRNOP00000020030, Homo_sapiens.ENSP00000341324, Ciona_intestinalis.ENSCINP00000001689
RefOG048	11	40	78	1247	153	84	Homo_sapiens.ENSP00000453764, Pan_troglodytes.ENSPTRP00000081657, Mus_musculus.ENSMUSP00000120518, Rattus_norvegicus.ENSRNOP00000066362, Tetraodon_nigroviridis.ENSTNIP00000021486, Tetraodon_nigroviridis.ENSTNIP00000011235, Canis_familiaris.ENSCAFP00000036474, Drosophila_melanogaster.FBpp0293236, Rattus_norvegicus.ENSRNOP00000033162, Mus_musculus.ENSMUSP00000132102, Danio_rerio.ENSDARP00000029079, Monodelphis_domestica.ENSMODP00000021571, Pan_troglodytes.ENSPTRP00000075709, Canis_familiaris.ENSCAFP00000042906, Rattus_norvegicus.ENSRNOP00000068335, Monodelphis_domestica.ENSMODP00000053445, Danio_rerio.ENSDARP00000140190, Pan_troglodytes.ENSPTRP00000077042, Canis_familiaris.ENSCAFP00000049493, Rattus_norvegicus.ENSRNOP00000022897, Pan_troglodytes.ENSPTRP00000055354, Gallus_gallus.ENSGALP00000045617, Homo_sapiens.ENSP00000499044, Pan_troglodytes.ENSPTRP00000066134, Pan_troglodytes.ENSPTRP00000082703, Rattus_norvegicus.ENSRNOP00000071243, Mus_musculus.ENSMUSP00000060523, Canis_familiaris.ENSCAFP00000059444, Pan_troglodytes.ENSPTRP00000091617, Pan_troglodytes.ENSPTRP00000069586, Gallus_gallus.ENSGALP00000065928, Canis_familiaris.ENSCAFP00000052574, Pan_troglodytes.ENSPTRP00000092483, Rattus_norvegicus.ENSRNOP00000074727, Canis_familiaris.ENSCAFP00000066322, Canis_familiaris.ENSCAFP00000065740, Rattus_norvegicus.ENSRNOP00000073014, Danio_rerio.ENSDARP00000072300, Caenorhabditis_elegans.WBGene00004496.1, Pan_troglodytes.ENSPTRP00000002306
RefOG002	11	19	159	16223	2451	2095	Canis_familiaris.ENSCAFP00000010380, Danio_rerio.ENSDARP00000114695, Rattus_norvegicus.ENSRNOP00000064085, Pan_troglodytes.ENSPTRP00000034690, Tetraodon_nigroviridis.ENSTNIP00000005583, Tetraodon_nigroviridis.ENSTNIP00000020265, Tetraodon_nigroviridis.ENSTNIP00000021812, Gallus_gallus.ENSGALP00000064978, Drosophila_melanogaster.FBpp0073985, Rattus_norvegicus.ENSRNOP00000040735, Homo_sapiens.ENSP00000220676, Mus_musculus.ENSMUSP00000055449, Pan_troglodytes.ENSPTRP00000092368, Danio_rerio.ENSDARP00000126512, Mus_musculus.ENSMUSP00000027032, Caenorhabditis_elegans.WBGene00017860.1, Danio_rerio.ENSDARP00000127535, Monodelphis_domestica.ENSMODP00000040561, Homo_sapiens.ENSP00000371923
RefOG038	9	9	1459	2219	2129	2214	Gallus_gallus.ENSGALP00000046461, Canis_familiaris.ENSCAFP00000017344, Danio_rerio.ENSDARP00000129655, Homo_sapiens.ENSP00000260197, Pan_troglodytes.ENSPTRP00000007532, Monodelphis_domestica.ENSMODP00000016287, Mus_musculus.ENSMUSP00000058613, Ciona_intestinalis.ENSCINP00000024362, Tetraodon_nigroviridis.ENSTNIP00000017394
RefOG032	12	14	481	648	598	602	Monodelphis_domestica.ENSMODP00000023074, Drosophila_melanogaster.FBpp0303242, Canis_familiaris.ENSCAFP00000052117, Ciona_intestinalis.ENSCINP00000018455, Rattus_norvegicus.ENSRNOP00000063141, Tetraodon_nigroviridis.ENSTNIP00000021849, Caenorhabditis_elegans.WBGene00003007.1, Drosophila_melanogaster.FBpp0308795, Mus_musculus.ENSMUSP00000135858, Pan_troglodytes.ENSPTRP00000026572, Drosophila_melanogaster.FBpp0080765, Homo_sapiens.ENSP00000478721, Gallus_gallus.ENSGALP00000010474, Danio_rerio.ENSDARP00000106622
RefOG063	10	21	69	394	122	105	Tetraodon_nigroviridis.ENSTNIP00000018181, Homo_sapiens.ENSP00000271331, Monodelphis_domestica.ENSMODP00000057432, Tetraodon_nigroviridis.ENSTNIP00000006119, Canis_familiaris.ENSCAFP00000029286, Danio_rerio.ENSDARP00000152992, Gallus_gallus.ENSGALP00000069911, Danio_rerio.ENSDARP00000108683, Canis_familiaris.ENSCAFP00000047793, Drosophila_melanogaster.FBpp0072926, Gallus_gallus.ENSGALP00000012612, Danio_rerio.ENSDARP00000103772, Mus_musculus.ENSMUSP00000032152, Monodelphis_domestica.ENSMODP00000056064, Pan_troglodytes.ENSPTRP00000072428, Mus_musculus.ENSMUSP00000060617, Rattus_norvegicus.ENSRNOP00000024519, Homo_sapiens.ENSP00000295619, Rattus_norvegicus.ENSRNOP00000015058, Tetraodon_nigroviridis.ENSTNIP00000010162, Pan_troglodytes.ENSPTRP00000001873
RefOG012	12	46	1310	2034	1751	1721	Mus_musculus.ENSMUSP00000037443, Tetraodon_nigroviridis.ENSTNIP00000002557, Homo_sapiens.ENSP00000495860, Ciona_intestinalis.ENSCINP00000035323, Monodelphis_domestica.ENSMODP00000060432, Caenorhabditis_elegans.WBGene00001651.1, Mus_musculus.ENSMUSP00000158045, Monodelphis_domestica.ENSMODP00000046838, Rattus_norvegicus.ENSRNOP00000018521, Rattus_norvegicus.ENSRNOP00000021262, Canis_familiaris.ENSCAFP00000057849, Gallus_gallus.ENSGALP00000024411, Tetraodon_nigroviridis.ENSTNIP00000013119, Danio_rerio.ENSDARP00000132448, Monodelphis_domestica.ENSMODP00000056536, Homo_sapiens.ENSP00000354006, Pan_troglodytes.ENSPTRP00000088270, Mus_musculus.ENSMUSP00000099513, Pan_troglodytes.ENSPTRP00000090282, Homo_sapiens.ENSP00000480586, Rattus_norvegicus.ENSRNOP00000070727, Homo_sapiens.ENSP00000437849, Monodelphis_domestica.ENSMODP00000002675, Canis_familiaris.ENSCAFP00000002558, Homo_sapiens.ENSP00000350140, Pan_troglodytes.ENSPTRP00000065010, Mus_musculus.ENSMUSP00000146226, Danio_rerio.ENSDARP00000157514, Gallus_gallus.ENSGALP00000049900, Caenorhabditis_elegans.WBGene00001795.1, Gallus_gallus.ENSGALP00000037979, Pan_troglodytes.ENSPTRP00000012085, Danio_rerio.ENSDARP00000133282, Canis_familiaris.ENSCAFP00000022528, Tetraodon_nigroviridis.ENSTNIP00000006495, Rattus_norvegicus.ENSRNOP00000017892, Drosophila_melanogaster.FBpp0308223, Danio_rerio.ENSDARP00000145809, Tetraodon_nigroviridis.ENSTNIP00000011233, Gallus_gallus.ENSGALP00000006104, Danio_rerio.ENSDARP00000052583, Caenorhabditis_elegans.WBGene00001796.1, Tetraodon_nigroviridis.ENSTNIP00000000145, Canis_familiaris.ENSCAFP00000035825, Danio_rerio.ENSDARP00000123466, Danio_rerio.ENSDARP00000151529
RefOG041	12	17	153	196	179	178	Gallus_gallus.ENSGALP00000047166, Ciona_intestinalis.ENSCINP00000006833, Pan_troglodytes.ENSPTRP00000089839, Caenorhabditis_elegans.WBGene00004422.1, Homo_sapiens.ENSP00000496250, Drosophila_melanogaster.FBpp0085717, Monodelphis_domestica.ENSMODP00000044088, Rattus_norvegicus.ENSRNOP00000005511, Rattus_norvegicus.ENSRNOP00000072829, Caenorhabditis_elegans.WBGene00004423.1, Pan_troglodytes.ENSPTRP00000091393, Tetraodon_nigroviridis.ENSTNIP00000005169, Danio_rerio.ENSDARP00000063869, Canis_familiaris.ENSCAFP00000031345, Canis_familiaris.ENSCAFP00000046142, Canis_familiaris.ENSCAFP00000051517, Mus_musculus.ENSMUSP00000099595
RefOG019	11	13	92	111	109	110	Danio_rerio.ENSDARP00000146398, Homo_sapiens.ENSP00000216252, Caenorhabditis_elegans.WBGene00004016.1, Pan_troglodytes.ENSPTRP00000067637, Drosophila_melanogaster.FBpp0078894, Canis_familiaris.ENSCAFP00000001529, Mus_musculus.ENSMUSP00000023117, Gallus_gallus.ENSGALP00000019471, Monodelphis_domestica.ENSMODP00000020665, Rattus_norvegicus.ENSRNOP00000005837, Pan_troglodytes.ENSPTRP00000024852, Tetraodon_nigroviridis.ENSTNIP00000015919, Danio_rerio.ENSDARP00000066396
RefOG005	12	34	994	1908	1737	1826	Danio_rerio.ENSDARP00000138582, Caenorhabditis_elegans.WBGene00002036.1, Drosophila_melanogaster.FBpp0088684, Rattus_norvegicus.ENSRNOP00000072468, Tetraodon_nigroviridis.ENSTNIP00000013541, Canis_familiaris.ENSCAFP00000050462, Danio_rerio.ENSDARP00000139984, Monodelphis_domestica.ENSMODP00000002338, Pan_troglodytes.ENSPTRP00000012111, Mus_musculus.ENSMUSP00000117493, Homo_sapiens.ENSP00000285039, Mus_musculus.ENSMUSP00000112728, Ciona_intestinalis.ENSCINP00000004338, Tetraodon_nigroviridis.ENSTNIP00000013132, Gallus_gallus.ENSGALP00000021156, Tetraodon_nigroviridis.ENSTNIP00000016708, Canis_familiaris.ENSCAFP00000047066, Tetraodon_nigroviridis.ENSTNIP00000003753, Homo_sapiens.ENSP00000261839, Rattus_norvegicus.ENSRNOP00000011768, Danio_rerio.ENSDARP00000156302, Danio_rerio.ENSDARP00000083467, Gallus_gallus.ENSGALP00000049670, Homo_sapiens.ENSP00000382177, Pan_troglodytes.ENSPTRP00000079651, Gallus_gallus.ENSGALP00000053885, Rattus_norvegicus.ENSRNOP00000073223, Danio_rerio.ENSDARP00000123905, Monodelphis_domestica.ENSMODP00000033779, Pan_troglodytes.ENSPTRP00000017028, Danio_rerio.ENSDARP00000114041, Monodelphis_domestica.ENSMODP00000004596, Tetraodon_nigroviridis.ENSTNIP00000000264, Mus_musculus.ENSMUSP00000042229
RefOG017	10	29	189	2066	1847	1881	Rattus_norvegicus.ENSRNOP00000026451, Gallus_gallus.ENSGALP00000050711, Canis_familiaris.ENSCAFP00000041313, Tetraodon_nigroviridis.ENSTNIP00000018720, Monodelphis_domestica.ENSMODP00000019696, Danio_rerio.ENSDARP00000123935, Danio_rerio.ENSDARP00000141147, Canis_familiaris.ENSCAFP00000006614, Rattus_norvegicus.ENSRNOP00000074490, Gallus_gallus.ENSGALP00000026707, Mus_musculus.ENSMUSP00000105240, Pan_troglodytes.ENSPTRP00000090674, Canis_familiaris.ENSCAFP00000012034, Tetraodon_nigroviridis.ENSTNIP00000006548, Monodelphis_domestica.ENSMODP00000034167, Monodelphis_domestica.ENSMODP00000002121, Rattus_norvegicus.ENSRNOP00000032894, Homo_sapiens.ENSP00000272371, Ciona_intestinalis.ENSCINP00000010575, Danio_rerio.ENSDARP00000056104, Mus_musculus.ENSMUSP00000125718, Pan_troglodytes.ENSPTRP00000065303, Homo_sapiens.ENSP00000428280, Mus_musculus.ENSMUSP00000155337, Tetraodon_nigroviridis.ENSTNIP00000015252, Danio_rerio.ENSDARP00000007932, Pan_troglodytes.ENSPTRP00000067285, Mus_musculus.ENSMUSP00000073803, Tetraodon_nigroviridis.ENSTNIP00000022495
RefOG028	11	24	292	1223	668	684	Pan_troglodytes.ENSPTRP00000000080, Danio_rerio.ENSDARP00000056521, Drosophila_melanogaster.FBpp0111630, Canis_familiaris.ENSCAFP00000028655, Monodelphis_domestica.ENSMODP00000026148, Rattus_norvegicus.ENSRNOP00000013191, Danio_rerio.ENSDARP00000105507, Tetraodon_nigroviridis.ENSTNIP00000007613, Tetraodon_nigroviridis.ENSTNIP00000017957, Tetraodon_nigroviridis.ENSTNIP00000017814, Danio_rerio.ENSDARP00000091440, Danio_rerio.ENSDARP00000094325, Monodelphis_domestica.ENSMODP00000035037, Mus_musculus.ENSMUSP00000030917, Mus_musculus.ENSMUSP00000112413, Homo_sapiens.ENSP00000367797, Tetraodon_nigroviridis.ENSTNIP00000001293, Rattus_norvegicus.ENSRNOP00000073651, Canis_familiaris.ENSCAFP00000054560, Gallus_gallus.ENSGALP00000055794, Pan_troglodytes.ENSPTRP00000070313, Ciona_intestinalis.ENSCINP00000000131, Gallus_gallus.ENSGALP00000001862, Homo_sapiens.ENSP00000259119
RefOG025	11	13	195	486	441	470	Pan_troglodytes.ENSPTRP00000015252, Tetraodon_nigroviridis.ENSTNIP00000019321, Homo_sapiens.ENSP00000262395, Ciona_intestinalis.ENSCINP00000008928, Danio_rerio.ENSDARP00000013849, Gallus_gallus.ENSGALP00000006340, Canis_familiaris.ENSCAFP00000027741, Danio_rerio.ENSDARP00000056877, Drosophila_melanogaster.FBpp0077119, Rattus_norvegicus.ENSRNOP00000018468, Monodelphis_domestica.ENSMODP00000024090, Mus_musculus.ENSMUSP00000017530, Danio_rerio.ENSDARP00000156311
RefOG030	12	13	135	186	145	139	Tetraodon_nigroviridis.ENSTNIP00000007562, Monodelphis_domestica.ENSMODP00000047202, Gallus_gallus.ENSGALP00000044520, Danio_rerio.ENSDARP00000152506, Canis_familiaris.ENSCAFP00000008389, Homo_sapiens.ENSP00000488926, Rattus_norvegicus.ENSRNOP00000027029, Pan_troglodytes.ENSPTRP00000018769, Mus_musculus.ENSMUSP00000132443, Homo_sapiens.ENSP00000308845, Ciona_intestinalis.ENSCINP00000025837, Caenorhabditis_elegans.WBGene00011391.1, Drosophila_melanogaster.FBpp0300988
RefOG047	12	36	190	428	388	395	Tetraodon_nigroviridis.ENSTNIP00000018925, Pan_troglodytes.ENSPTRP00000004677, Caenorhabditis_elegans.WBGene00015538.1, Danio_rerio.ENSDARP00000087660, Rattus_norvegicus.ENSRNOP00000072105, Monodelphis_domestica.ENSMODP00000001856, Canis_familiaris.ENSCAFP00000011509, Drosophila_melanogaster.FBpp0088926, Mus_musculus.ENSMUSP00000142136, Gallus_gallus.ENSGALP00000069156, Caenorhabditis_elegans.WBGene00006416.1, Danio_rerio.ENSDARP00000053962, Pan_troglodytes.ENSPTRP00000020815, Tetraodon_nigroviridis.ENSTNIP00000016496, Mus_musculus.ENSMUSP00000153488, Danio_rerio.ENSDARP00000057868, Tetraodon_nigroviridis.ENSTNIP00000014805, Danio_rerio.ENSDARP00000105782, Danio_rerio.ENSDARP00000139220, Mus_musculus.ENSMUSP00000087118, Tetraodon_nigroviridis.ENSTNIP00000011970, Tetraodon_nigroviridis.ENSTNIP00000011512, Danio_rerio.ENSDARP00000147224, Gallus_gallus.ENSGALP00000003899, Homo_sapiens.ENSP00000361287, Gallus_gallus.ENSGALP00000073898, Caenorhabditis_elegans.WBGene00015540.1, Gallus_gallus.ENSGALP00000024750, Caenorhabditis_elegans.WBGene00008205.1, Canis_familiaris.ENSCAFP00000062817, Gallus_gallus.ENSGALP00000071065, Danio_rerio.ENSDARP00000152910, Rattus_norvegicus.ENSRNOP00000018170, Ciona_intestinalis.ENSCINP00000016717, Monodelphis_domestica.ENSMODP00000019473, Homo_sapiens.ENSP00000303147
RefOG066	12	14	92	386	276	278	Gallus_gallus.ENSGALP00000056541, Drosophila_melanogaster.FBpp0309341, Mus_musculus.ENSMUSP00000111291, Caenorhabditis_elegans.WBGene00011305.1, Pan_troglodytes.ENSPTRP00000072362, Monodelphis_domestica.ENSMODP00000012959, Tetraodon_nigroviridis.ENSTNIP00000019875, Caenorhabditis_elegans.WBGene00013587.1, Danio_rerio.ENSDARP00000153743, Canis_familiaris.ENSCAFP00000061009, Rattus_norvegicus.ENSRNOP00000070354, Ciona_intestinalis.ENSCINP00000033401, Homo_sapiens.ENSP00000384827, Mus_musculus.ENSMUSP00000138919
RefOG061	9	30	268	1646	821	888	Rattus_norvegicus.ENSRNOP00000071825, Canis_familiaris.ENSCAFP00000005033, Monodelphis_domestica.ENSMODP00000006216, Danio_rerio.ENSDARP00000156363, Canis_familiaris.ENSCAFP00000019283, Danio_rerio.ENSDARP00000101451, Danio_rerio.ENSDARP00000144710, Pan_troglodytes.ENSPTRP00000082852, Homo_sapiens.ENSP00000435210, Canis_familiaris.ENSCAFP00000030955, Tetraodon_nigroviridis.ENSTNIP00000015159, Mus_musculus.ENSMUSP00000043583, Gallus_gallus.ENSGALP00000003357, Pan_troglodytes.ENSPTRP00000031814, Gallus_gallus.ENSGALP00000026433, Homo_sapiens.ENSP00000369004, Monodelphis_domestica.ENSMODP00000021775, Rattus_norvegicus.ENSRNOP00000013570, Monodelphis_domestica.ENSMODP00000022235, Rattus_norvegicus.ENSRNOP00000006867, Danio_rerio.ENSDARP00000150803, Gallus_gallus.ENSGALP00000022545, Danio_rerio.ENSDARP00000141866, Pan_troglodytes.ENSPTRP00000000942, Monodelphis_domestica.ENSMODP00000058915, Pan_troglodytes.ENSPTRP00000037245, Mus_musculus.ENSMUSP00000108083, Mus_musculus.ENSMUSP00000079722, Tetraodon_nigroviridis.ENSTNIP00000007231, Homo_sapiens.ENSP00000346634
RefOG010	2	3	555	591	579	591	Rattus_norvegicus.ENSRNOP00000065522, Mus_musculus.ENSMUSP00000086314, Mus_musculus.ENSMUSP00000086311
RefOG068	9	27	1296	2457	2112	2125	Canis_familiaris.ENSCAFP00000017040, Tetraodon_nigroviridis.ENSTNIP00000020132, Canis_familiaris.ENSCAFP00000019733, Rattus_norvegicus.ENSRNOP00000038464, Homo_sapiens.ENSP00000347931, Monodelphis_domestica.ENSMODP00000012033, Danio_rerio.ENSDARP00000157488, Mus_musculus.ENSMUSP00000021567, Pan_troglodytes.ENSPTRP00000006704, Monodelphis_domestica.ENSMODP00000010685, Mus_musculus.ENSMUSP00000042294, Tetraodon_nigroviridis.ENSTNIP00000022554, Canis_familiaris.ENSCAFP00000062292, Rattus_norvegicus.ENSRNOP00000010022, Homo_sapiens.ENSP00000304192, Danio_rerio.ENSDARP00000118137, Rattus_norvegicus.ENSRNOP00000059738, Danio_rerio.ENSDARP00000116424, Gallus_gallus.ENSGALP00000054373, Pan_troglodytes.ENSPTRP00000051039, Danio_rerio.ENSDARP00000151902, Tetraodon_nigroviridis.ENSTNIP00000012895, Mus_musculus.ENSMUSP00000109245, Pan_troglodytes.ENSPTRP00000069989, Homo_sapiens.ENSP00000258229, Monodelphis_domestica.ENSMODP00000008814, Gallus_gallus.ENSGALP00000065101
RefOG004	11	12	192	375	237	214	Danio_rerio.ENSDARP00000149121, Caenorhabditis_elegans.WBGene00013724.1, Monodelphis_domestica.ENSMODP00000002384, Ciona_intestinalis.ENSCINP00000010262, Tetraodon_nigroviridis.ENSTNIP00000019800, Danio_rerio.ENSDARP00000110254, Mus_musculus.ENSMUSP00000025631, Pan_troglodytes.ENSPTRP00000079818, Rattus_norvegicus.ENSRNOP00000016871, Gallus_gallus.ENSGALP00000028084, Canis_familiaris.ENSCAFP00000048558, Homo_sapiens.ENSP00000340836
RefOG049	9	10	420	572	530	541	Homo_sapiens.ENSP00000380856, Gallus_gallus.ENSGALP00000009880, Mus_musculus.ENSMUSP00000001183, Danio_rerio.ENSDARP00000044682, Ciona_intestinalis.ENSCINP00000025584, Rattus_norvegicus.ENSRNOP00000001699, Homo_sapiens.ENSP00000486740, Canis_familiaris.ENSCAFP00000017558, Monodelphis_domestica.ENSMODP00000048158, Tetraodon_nigroviridis.ENSTNIP00000009524
RefOG039	11	20	783	5637	4445	5156	Caenorhabditis_elegans.WBGene00001863.1, Canis_familiaris.ENSCAFP00000029555, Homo_sapiens.ENSP00000271588, Mus_musculus.ENSMUSP00000074340, Pan_troglodytes.ENSPTRP00000002974, Danio_rerio.ENSDARP00000109565, Monodelphis_domestica.ENSMODP00000014447, Tetraodon_nigroviridis.ENSTNIP00000016407, Pan_troglodytes.ENSPTRP00000036731, Canis_familiaris.ENSCAFP00000020141, Rattus_norvegicus.ENSRNOP00000033710, Tetraodon_nigroviridis.ENSTNIP00000016408, Mus_musculus.ENSMUSP00000109160, Gallus_gallus.ENSGALP00000057876, Danio_rerio.ENSDARP00000102597, Homo_sapiens.ENSP00000485357, Ciona_intestinalis.ENSCINP00000015858, Tetraodon_nigroviridis.ENSTNIP00000021286, Danio_rerio.ENSDARP00000005919, Monodelphis_domestica.ENSMODP00000015084
RefOG023	10	69	299	7425	2914	2812	Canis_familiaris.ENSCAFP00000014576, Danio_rerio.ENSDARP00000129204, Tetraodon_nigroviridis.ENSTNIP00000021977, Rattus_norvegicus.ENSRNOP00000026643, Danio_rerio.ENSDARP00000130459, Danio_rerio.ENSDARP00000101847, Monodelphis_domestica.ENSMODP00000025620, Gallus_gallus.ENSGALP00000051785, Monodelphis_domestica.ENSMODP00000008408, Homo_sapiens.ENSP00000490794, Danio_rerio.ENSDARP00000087236, Pan_troglodytes.ENSPTRP00000007801, Ciona_intestinalis.ENSCINP00000014936, Tetraodon_nigroviridis.ENSTNIP00000013402, Canis_familiaris.ENSCAFP00000014293, Homo_sapiens.ENSP00000485659, Rattus_norvegicus.ENSRNOP00000072033, Gallus_gallus.ENSGALP00000010852, Homo_sapiens.ENSP00000490759, Homo_sapiens.ENSP00000494473, Mus_musculus.ENSMUSP00000130949, Canis_familiaris.ENSCAFP00000053390, Rattus_norvegicus.ENSRNOP00000062329, Mus_musculus.ENSMUSP00000122353, Tetraodon_nigroviridis.ENSTNIP00000022420, Canis_familiaris.ENSCAFP00000046095, Pan_troglodytes.ENSPTRP00000074125, Homo_sapiens.ENSP00000436812, Danio_rerio.ENSDARP00000135368, Danio_rerio.ENSDARP00000127611, Gallus_gallus.ENSGALP00000017072, Rattus_norvegicus.ENSRNOP00000070320, Danio_rerio.ENSDARP00000129173, Mus_musculus.ENSMUSP00000158627, Mus_musculus.ENSMUSP00000107873, Pan_troglodytes.ENSPTRP00000092487, Danio_rerio.ENSDARP00000154963, Canis_familiaris.ENSCAFP00000059042, Canis_familiaris.ENSCAFP00000013319, Rattus_norvegicus.ENSRNOP00000072558, Homo_sapiens.ENSP00000486295, Mus_musculus.ENSMUSP00000128276, Pan_troglodytes.ENSPTRP00000078890, Homo_sapiens.ENSP00000382323, Homo_sapiens.ENSP00000406861, Tetraodon_nigroviridis.ENSTNIP00000006580, Danio_rerio.ENSDARP00000141193, Mus_musculus.ENSMUSP00000129467, Tetraodon_nigroviridis.ENSTNIP00000022424, Pan_troglodytes.ENSPTRP00000055657, Danio_rerio.ENSDARP00000142662, Rattus_norvegicus.ENSRNOP00000036806, Tetraodon_nigroviridis.ENSTNIP00000009471, Gallus_gallus.ENSGALP00000036463, Homo_sapiens.ENSP00000447211, Canis_familiaris.ENSCAFP00000014573, Canis_familiaris.ENSCAFP00000042190, Gallus_gallus.ENSGALP00000058491, Canis_familiaris.ENSCAFP00000056775, Rattus_norvegicus.ENSRNOP00000064975, Homo_sapiens.ENSP00000261405, Pan_troglodytes.ENSPTRP00000008931, Rattus_norvegicus.ENSRNOP00000041552, Homo_sapiens.ENSP00000487059, Monodelphis_domestica.ENSMODP00000050980, Canis_familiaris.ENSCAFP00000014623, Mus_musculus.ENSMUSP00000140483, Gallus_gallus.ENSGALP00000050462, Homo_sapiens.ENSP00000486476
RefOG055	10	29	85	589	194	182	Monodelphis_domestica.ENSMODP00000021797, Pan_troglodytes.ENSPTRP00000072468, Homo_sapiens.ENSP00000284486, Danio_rerio.ENSDARP00000157436, Ciona_intestinalis.ENSCINP00000031842, Homo_sapiens.ENSP00000362684, Danio_rerio.ENSDARP00000144004, Danio_rerio.ENSDARP00000088226, Gallus_gallus.ENSGALP00000026830, Danio_rerio.ENSDARP00000141876, Gallus_gallus.ENSGALP00000005221, Canis_familiaris.ENSCAFP00000015672, Ciona_intestinalis.ENSCINP00000007466, Monodelphis_domestica.ENSMODP00000014981, Tetraodon_nigroviridis.ENSTNIP00000020024, Rattus_norvegicus.ENSRNOP00000065808, Danio_rerio.ENSDARP00000155276, Gallus_gallus.ENSGALP00000070158, Canis_familiaris.ENSCAFP00000011791, Rattus_norvegicus.ENSRNOP00000015055, Mus_musculus.ENSMUSP00000113962, Tetraodon_nigroviridis.ENSTNIP00000002688, Homo_sapiens.ENSP00000495051, Homo_sapiens.ENSP00000496084, Pan_troglodytes.ENSPTRP00000000839, Canis_familiaris.ENSCAFP00000051664, Ciona_intestinalis.ENSCINP00000012544, Mus_musculus.ENSMUSP00000050531, Danio_rerio.ENSDARP00000155722
RefOG006	12	48	120	2311	1869	1979	Mus_musculus.ENSMUSP00000147115, Caenorhabditis_elegans.WBGene00003776.1, Ciona_intestinalis.ENSCINP00000035221, Gallus_gallus.ENSGALP00000046782, Mus_musculus.ENSMUSP00000016771, Tetraodon_nigroviridis.ENSTNIP00000010900, Pan_troglodytes.ENSPTRP00000069176, Homo_sapiens.ENSP00000478109, Mus_musculus.ENSMUSP00000090661, Gallus_gallus.ENSGALP00000043966, Tetraodon_nigroviridis.ENSTNIP00000001018, Danio_rerio.ENSDARP00000086805, Rattus_norvegicus.ENSRNOP00000062744, Canis_familiaris.ENSCAFP00000060526, Canis_familiaris.ENSCAFP00000057173, Monodelphis_domestica.ENSMODP00000051065, Homo_sapiens.ENSP00000493594, Tetraodon_nigroviridis.ENSTNIP00000023109, Rattus_norvegicus.ENSRNOP00000035440, Danio_rerio.ENSDARP00000134054, Pan_troglodytes.ENSPTRP00000065124, Rattus_norvegicus.ENSRNOP00000073929, Rattus_norvegicus.ENSRNOP00000072636, Monodelphis_domestica.ENSMODP00000010173, Canis_familiaris.ENSCAFP00000046753, Gallus_gallus.ENSGALP00000053892, Pan_troglodytes.ENSPTRP00000078901, Tetraodon_nigroviridis.ENSTNIP00000004844, Caenorhabditis_elegans.WBGene00003777.1, Homo_sapiens.ENSP00000353590, Tetraodon_nigroviridis.ENSTNIP00000017126, Danio_rerio.ENSDARP00000155954, Danio_rerio.ENSDARP00000125918, Canis_familiaris.ENSCAFP00000061753, Danio_rerio.ENSDARP00000124366, Tetraodon_nigroviridis.ENSTNIP00000015027, Pan_troglodytes.ENSPTRP00000064140, Tetraodon_nigroviridis.ENSTNIP00000006941, Rattus_norvegicus.ENSRNOP00000007398, Homo_sapiens.ENSP00000216181, Danio_rerio.ENSDARP00000041141, Tetraodon_nigroviridis.ENSTNIP00000006335, Danio_rerio.ENSDARP00000114445, Mus_musculus.ENSMUSP00000156021, Tetraodon_nigroviridis.ENSTNIP00000007040, Monodelphis_domestica.ENSMODP00000001289, Homo_sapiens.ENSP00000379616, Drosophila_melanogaster.FBpp0072306
RefOG031	12	32	208	932	709	702	Monodelphis_domestica.ENSMODP00000050592, Canis_familiaris.ENSCAFP00000057668, Gallus_gallus.ENSGALP00000014790, Homo_sapiens.ENSP00000384708, Canis_familiaris.ENSCAFP00000025490, Drosophila_melanogaster.FBpp0082934, Mus_musculus.ENSMUSP00000024916, Mus_musculus.ENSMUSP00000040477, Tetraodon_nigroviridis.ENSTNIP00000019702, Gallus_gallus.ENSGALP00000014797, Canis_familiaris.ENSCAFP00000003939, Rattus_norvegicus.ENSRNOP00000022802, Caenorhabditis_elegans.WBGene00008239.1, Homo_sapiens.ENSP00000441235, Monodelphis_domestica.ENSMODP00000001486, Pan_troglodytes.ENSPTRP00000091100, Rattus_norvegicus.ENSRNOP00000005671, Homo_sapiens.ENSP00000473498, Danio_rerio.ENSDARP00000054085, Monodelphis_domestica.ENSMODP00000001525, Pan_troglodytes.ENSPTRP00000020457, Tetraodon_nigroviridis.ENSTNIP00000006194, Danio_rerio.ENSDARP00000096529, Pan_troglodytes.ENSPTRP00000020451, Homo_sapiens.ENSP00000294954, Rattus_norvegicus.ENSRNOP00000022481, Tetraodon_nigroviridis.ENSTNIP00000012582, Gallus_gallus.ENSGALP00000017185, Danio_rerio.ENSDARP00000088230, Mus_musculus.ENSMUSP00000021346, Danio_rerio.ENSDARP00000152025, Ciona_intestinalis.ENSCINP00000030027
RefOG015	3	23	1241	1912	1473	1365	Danio_rerio.ENSDARP00000148974, Danio_rerio.ENSDARP00000061164, Gallus_gallus.ENSGALP00000068631, Danio_rerio.ENSDARP00000072678, Danio_rerio.ENSDARP00000094194, Danio_rerio.ENSDARP00000146007, Danio_rerio.ENSDARP00000115012, Tetraodon_nigroviridis.ENSTNIP00000000093, Danio_rerio.ENSDARP00000072687, Danio_rerio.ENSDARP00000113988, Gallus_gallus.ENSGALP00000044130, Danio_rerio.ENSDARP00000156030, Danio_rerio.ENSDARP00000153660, Danio_rerio.ENSDARP00000146600, Danio_rerio.ENSDARP00000050237, Danio_rerio.ENSDARP00000146270, Danio_rerio.ENSDARP00000147062, Gallus_gallus.ENSGALP00000002888, Tetraodon_nigroviridis.ENSTNIP00000003865, Danio_rerio.ENSDARP00000102472, Danio_rerio.ENSDARP00000150799, Danio_rerio.ENSDARP00000155970, Danio_rerio.ENSDARP00000148221
RefOG033	9	30	372	788	510	512	Monodelphis_domestica.ENSMODP00000023310, Danio_rerio.ENSDARP00000118349, Danio_rerio.ENSDARP00000142417, Danio_rerio.ENSDARP00000074330, Danio_rerio.ENSDARP00000101333, Rattus_norvegicus.ENSRNOP00000023152, Rattus_norvegicus.ENSRNOP00000064023, Homo_sapiens.ENSP00000258415, Canis_familiaris.ENSCAFP00000022013, Danio_rerio.ENSDARP00000099662, Homo_sapiens.ENSP00000499243, Canis_familiaris.ENSCAFP00000006781, Pan_troglodytes.ENSPTRP00000008760, Mus_musculus.ENSMUSP00000027356, Monodelphis_domestica.ENSMODP00000019193, Danio_rerio.ENSDARP00000045587, Danio_rerio.ENSDARP00000118414, Pan_troglodytes.ENSPTRP00000021276, Homo_sapiens.ENSP00000228606, Tetraodon_nigroviridis.ENSTNIP00000018717, Monodelphis_domestica.ENSMODP00000026680, Gallus_gallus.ENSGALP00000018780, Rattus_norvegicus.ENSRNOP00000072491, Danio_rerio.ENSDARP00000071946, Tetraodon_nigroviridis.ENSTNIP00000021409, Tetraodon_nigroviridis.ENSTNIP00000018779, Tetraodon_nigroviridis.ENSTNIP00000002845, Mus_musculus.ENSMUSP00000130005, Pan_troglodytes.ENSPTRP00000022094, Canis_familiaris.ENSCAFP00000000406
RefOG021	10	125	72	4061	454	102	Canis_familiaris.ENSCAFP00000025867, Homo_sapiens.ENSP00000296370, Danio_rerio.ENSDARP00000120686, Pan_troglodytes.ENSPTRP00000075839, Homo_sapiens.ENSP00000271638, Homo_sapiens.ENSP00000357704, Danio_rerio.ENSDARP00000020595, Monodelphis_domestica.ENSMODP00000003527, Monodelphis_domestica.ENSMODP00000023607, Canis_familiaris.ENSCAFP00000040984, Monodelphis_domestica.ENSMODP00000057190, Mus_musculus.ENSMUSP00000029516, Homo_sapiens.ENSP00000357789, Danio_rerio.ENSDARP00000123790, Homo_sapiens.ENSP00000357791, Rattus_norvegicus.ENSRNOP00000041760, Danio_rerio.ENSDARP00000056560, Danio_rerio.ENSDARP00000156462, Rattus_norvegicus.ENSRNOP00000016499, Monodelphis_domestica.ENSMODP00000021730, Pan_troglodytes.ENSPTRP00000002271, Homo_sapiens.ENSP00000357721, Pan_troglodytes.ENSPTRP00000048303, Tetraodon_nigroviridis.ENSTNIP00000021492, Mus_musculus.ENSMUSP00000029515, Pan_troglodytes.ENSPTRP00000072607, Monodelphis_domestica.ENSMODP00000034118, Tetraodon_nigroviridis.ENSTNIP00000020706, Mus_musculus.ENSMUSP00000047968, Mus_musculus.ENSMUSP00000096510, Danio_rerio.ENSDARP00000072444, Tetraodon_nigroviridis.ENSTNIP00000021491, Monodelphis_domestica.ENSMODP00000023726, Mus_musculus.ENSMUSP00000070842, Rattus_norvegicus.ENSRNOP00000013393, Homo_sapiens.ENSP00000317895, Homo_sapiens.ENSP00000426768, Pan_troglodytes.ENSPTRP00000080971, Gallus_gallus.ENSGALP00000027831, Pan_troglodytes.ENSPTRP00000051765, Canis_familiaris.ENSCAFP00000018025, Canis_familiaris.ENSCAFP00000019025, Monodelphis_domestica.ENSMODP00000023838, Monodelphis_domestica.ENSMODP00000023841, Gallus_gallus.ENSGALP00000052989, Rattus_norvegicus.ENSRNOP00000015351, Monodelphis_domestica.ENSMODP00000043447, Monodelphis_domestica.ENSMODP00000024649, Monodelphis_domestica.ENSMODP00000038524, Danio_rerio.ENSDARP00000115567, Rattus_norvegicus.ENSRNOP00000025249, Mus_musculus.ENSMUSP00000001046, Canis_familiaris.ENSCAFP00000019157, Rattus_norvegicus.ENSRNOP00000011762, Pan_troglodytes.ENSPTRP00000087426, Danio_rerio.ENSDARP00000124401, Homo_sapiens.ENSP00000473589, Tetraodon_nigroviridis.ENSTNIP00000020701, Pan_troglodytes.ENSPTRP00000002272, Mus_musculus.ENSMUSP00000001051, Danio_rerio.ENSDARP00000074756, Tetraodon_nigroviridis.ENSTNIP00000020700, Mus_musculus.ENSMUSP00000022186, Gallus_gallus.ENSGALP00000041652, Rattus_norvegicus.ENSRNOP00000015712, Danio_rerio.ENSDARP00000131329, Monodelphis_domestica.ENSMODP00000021678, Rattus_norvegicus.ENSRNOP00000015958, Pan_troglodytes.ENSPTRP00000002223, Homo_sapiens.ENSP00000373370, Canis_familiaris.ENSCAFP00000021149, Rattus_norvegicus.ENSRNOP00000067058, Gallus_gallus.ENSGALP00000041244, Mus_musculus.ENSMUSP00000142003, Canis_familiaris.ENSCAFP00000042882, Pan_troglodytes.ENSPTRP00000093848, Gallus_gallus.ENSGALP00000024131, Monodelphis_domestica.ENSMODP00000021721, Pan_troglodytes.ENSPTRP00000092800, Homo_sapiens.ENSP00000357707, Canis_familiaris.ENSCAFP00000025859, Pan_troglodytes.ENSPTRP00000002273, Pan_troglodytes.ENSPTRP00000002278, Canis_familiaris.ENSCAFP00000046808, Mus_musculus.ENSMUSP00000058237, Rattus_norvegicus.ENSRNOP00000015612, Danio_rerio.ENSDARP00000121650, Pan_troglodytes.ENSPTRP00000002232, Rattus_norvegicus.ENSRNOP00000001743, Homo_sapiens.ENSP00000271835, Tetraodon_nigroviridis.ENSTNIP00000023017, Mus_musculus.ENSMUSP00000102921, Canis_familiaris.ENSCAFP00000055426, Homo_sapiens.ENSP00000357726, Gallus_gallus.ENSGALP00000043597, Rattus_norvegicus.ENSRNOP00000072004, Pan_troglodytes.ENSPTRP00000002233, Mus_musculus.ENSMUSP00000044998, Rattus_norvegicus.ENSRNOP00000024202, Tetraodon_nigroviridis.ENSTNIP00000009888, Pan_troglodytes.ENSPTRP00000092937, Rattus_norvegicus.ENSRNOP00000017000, Gallus_gallus.ENSGALP00000041430, Drosophila_melanogaster.FBpp0309618, Tetraodon_nigroviridis.ENSTNIP00000016476, Gallus_gallus.ENSGALP00000033025, Pan_troglodytes.ENSPTRP00000002268, Canis_familiaris.ENSCAFP00000019123, Rattus_norvegicus.ENSRNOP00000001672, Gallus_gallus.ENSGALP00000022671, Pan_troglodytes.ENSPTRP00000002282, Mus_musculus.ENSMUSP00000091288, Pan_troglodytes.ENSPTRP00000027366, Canis_familiaris.ENSCAFP00000038503, Rattus_norvegicus.ENSRNOP00000074485, Homo_sapiens.ENSP00000357687, Homo_sapiens.ENSP00000357727, Gallus_gallus.ENSGALP00000047847, Pan_troglodytes.ENSPTRP00000002279, Gallus_gallus.ENSGALP00000043598, Mus_musculus.ENSMUSP00000102952, Mus_musculus.ENSMUSP00000069525, Pan_troglodytes.ENSPTRP00000087944, Mus_musculus.ENSMUSP00000096482, Tetraodon_nigroviridis.ENSTNIP00000006034
RefOG058	9	50	89	1337	424	408	Mus_musculus.ENSMUSP00000022663, Canis_familiaris.ENSCAFP00000053085, Tetraodon_nigroviridis.ENSTNIP00000010862, Danio_rerio.ENSDARP00000107373, Pan_troglodytes.ENSPTRP00000072563, Mus_musculus.ENSMUSP00000054938, Canis_familiaris.ENSCAFP00000023091, Pan_troglodytes.ENSPTRP00000034376, Mus_musculus.ENSMUSP00000119790, Danio_rerio.ENSDARP00000074016, Mus_musculus.ENSMUSP00000025691, Canis_familiaris.ENSCAFP00000062480, Homo_sapiens.ENSP00000162749, Pan_troglodytes.ENSPTRP00000066030, Rattus_norvegicus.ENSRNOP00000042371, Rattus_norvegicus.ENSRNOP00000002443, Danio_rerio.ENSDARP00000143967, Monodelphis_domestica.ENSMODP00000022511, Homo_sapiens.ENSP00000367013, Canis_familiaris.ENSCAFP00000055029, Gallus_gallus.ENSGALP00000071352, Tetraodon_nigroviridis.ENSTNIP00000019530, Mus_musculus.ENSMUSP00000025706, Homo_sapiens.ENSP00000276431, Danio_rerio.ENSDARP00000012354, Rattus_norvegicus.ENSRNOP00000071012, Rattus_norvegicus.ENSRNOP00000071406, Homo_sapiens.ENSP00000310263, Tetraodon_nigroviridis.ENSTNIP00000002572, Mus_musculus.ENSMUSP00000032491, Gallus_gallus.ENSGALP00000010331, Tetraodon_nigroviridis.ENSTNIP00000001044, Gallus_gallus.ENSGALP00000039128, Homo_sapiens.ENSP00000349324, Pan_troglodytes.ENSPTRP00000034377, Gallus_gallus.ENSGALP00000049756, Pan_troglodytes.ENSPTRP00000088261, Homo_sapiens.ENSP00000498466, Homo_sapiens.ENSP00000221132, Gallus_gallus.ENSGALP00000043230, Pan_troglodytes.ENSPTRP00000068497, Danio_rerio.ENSDARP00000110027, Mus_musculus.ENSMUSP00000075018, Rattus_norvegicus.ENSRNOP00000025928, Rattus_norvegicus.ENSRNOP00000052331, Pan_troglodytes.ENSPTRP00000089305, Monodelphis_domestica.ENSMODP00000011508, Tetraodon_nigroviridis.ENSTNIP00000001175, Mus_musculus.ENSMUSP00000116742, Gallus_gallus.ENSGALP00000071222
RefOG001	12	15	272	579	345	322	Mus_musculus.ENSMUSP00000032440, Ciona_intestinalis.ENSCINP00000005198, Caenorhabditis_elegans.WBGene00003806.1, Tetraodon_nigroviridis.ENSTNIP00000005325, Drosophila_melanogaster.FBpp0311988, Danio_rerio.ENSDARP00000154605, Danio_rerio.ENSDARP00000147265, Monodelphis_domestica.ENSMODP00000006811, Canis_familiaris.ENSCAFP00000053904, Danio_rerio.ENSDARP00000071531, Rattus_norvegicus.ENSRNOP00000014377, Pan_troglodytes.ENSPTRP00000071151, Gallus_gallus.ENSGALP00000060372, Homo_sapiens.ENSP00000373312, Rattus_norvegicus.ENSRNOP00000007474
RefOG036	12	46	87	456	399	411	Homo_sapiens.ENSP00000420927, Danio_rerio.ENSDARP00000012861, Canis_familiaris.ENSCAFP00000003118, Danio_rerio.ENSDARP00000153715, Canis_familiaris.ENSCAFP00000041833, Homo_sapiens.ENSP00000376352, Gallus_gallus.ENSGALP00000060241, Monodelphis_domestica.ENSMODP00000011372, Gallus_gallus.ENSGALP00000021580, Drosophila_melanogaster.FBpp0111805, Caenorhabditis_elegans.WBGene00022719.1, Gallus_gallus.ENSGALP00000015774, Mus_musculus.ENSMUSP00000019721, Tetraodon_nigroviridis.ENSTNIP00000010986, Canis_familiaris.ENSCAFP00000019265, Danio_rerio.ENSDARP00000042188, Danio_rerio.ENSDARP00000022009, Canis_familiaris.ENSCAFP00000019855, Danio_rerio.ENSDARP00000071589, Tetraodon_nigroviridis.ENSTNIP00000020062, Tetraodon_nigroviridis.ENSTNIP00000020088, Gallus_gallus.ENSGALP00000026284, Monodelphis_domestica.ENSMODP00000009219, Rattus_norvegicus.ENSRNOP00000068033, Ciona_intestinalis.ENSCINP00000003914, Pan_troglodytes.ENSPTRP00000065011, Monodelphis_domestica.ENSMODP00000058442, Tetraodon_nigroviridis.ENSTNIP00000004633, Rattus_norvegicus.ENSRNOP00000005641, Mus_musculus.ENSMUSP00000036604, Rattus_norvegicus.ENSRNOP00000002072, Monodelphis_domestica.ENSMODP00000039449, Pan_troglodytes.ENSPTRP00000037297, Danio_rerio.ENSDARP00000138167, Canis_familiaris.ENSCAFP00000024969, Monodelphis_domestica.ENSMODP00000015067, Mus_musculus.ENSMUSP00000006669, Tetraodon_nigroviridis.ENSTNIP00000006761, Pan_troglodytes.ENSPTRP00000033224, Homo_sapiens.ENSP00000005178, Homo_sapiens.ENSP00000498864, Rattus_norvegicus.ENSRNOP00000012759, Pan_troglodytes.ENSPTRP00000015943, Mus_musculus.ENSMUSP00000041447, Monodelphis_domestica.ENSMODP00000011266, Danio_rerio.ENSDARP00000150746
RefOG065	10	10	566	2566	2191	2540	Monodelphis_domestica.ENSMODP00000056797, Gallus_gallus.ENSGALP00000041587, Danio_rerio.ENSDARP00000115049, Homo_sapiens.ENSP00000251119, Mus_musculus.ENSMUSP00000021547, Tetraodon_nigroviridis.ENSTNIP00000021844, Rattus_norvegicus.ENSRNOP00000074087, Canis_familiaris.ENSCAFP00000052108, Pan_troglodytes.ENSPTRP00000010969, Drosophila_melanogaster.FBpp0112209
RefOG051	12	17	66	242	179	180	Danio_rerio.ENSDARP00000124165, Danio_rerio.ENSDARP00000152758, Canis_familiaris.ENSCAFP00000029425, Danio_rerio.ENSDARP00000129362, Tetraodon_nigroviridis.ENSTNIP00000007995, Ciona_intestinalis.ENSCINP00000035369, Gallus_gallus.ENSGALP00000044023, Drosophila_melanogaster.FBpp0088438, Pan_troglodytes.ENSPTRP00000014433, Gallus_gallus.ENSGALP00000042557, Homo_sapiens.ENSP00000367615, Mus_musculus.ENSMUSP00000006764, Tetraodon_nigroviridis.ENSTNIP00000019325, Tetraodon_nigroviridis.ENSTNIP00000006541, Monodelphis_domestica.ENSMODP00000004972, Caenorhabditis_elegans.WBGene00020557.1, Rattus_norvegicus.ENSRNOP00000061449
RefOG024	12	51	201	1013	474	466	Danio_rerio.ENSDARP00000005298, Danio_rerio.ENSDARP00000138333, Gallus_gallus.ENSGALP00000058001, Pan_troglodytes.ENSPTRP00000063859, Pan_troglodytes.ENSPTRP00000088271, Monodelphis_domestica.ENSMODP00000035744, Homo_sapiens.ENSP00000255409, Monodelphis_domestica.ENSMODP00000040149, Tetraodon_nigroviridis.ENSTNIP00000003161, Mus_musculus.ENSMUSP00000053923, Canis_familiaris.ENSCAFP00000058655, Ciona_intestinalis.ENSCINP00000028628, Danio_rerio.ENSDARP00000148464, Pan_troglodytes.ENSPTRP00000041993, Caenorhabditis_elegans.WBGene00000503.1, Pan_troglodytes.ENSPTRP00000081197, Rattus_norvegicus.ENSRNOP00000073705, Rattus_norvegicus.ENSRNOP00000070204, Homo_sapiens.ENSP00000358755, Rattus_norvegicus.ENSRNOP00000052819, Tetraodon_nigroviridis.ENSTNIP00000001773, Danio_rerio.ENSDARP00000102083, Rattus_norvegicus.ENSRNOP00000074871, Monodelphis_domestica.ENSMODP00000001616, Tetraodon_nigroviridis.ENSTNIP00000000910, Gallus_gallus.ENSGALP00000069949, Drosophila_melanogaster.FBpp0072985, Mus_musculus.ENSMUSP00000000573, Gallus_gallus.ENSGALP00000066799, Danio_rerio.ENSDARP00000095389, Monodelphis_domestica.ENSMODP00000043631, Homo_sapiens.ENSP00000356198, Monodelphis_domestica.ENSMODP00000001267, Monodelphis_domestica.ENSMODP00000047764, Mus_musculus.ENSMUSP00000029510, Pan_troglodytes.ENSPTRP00000003133, Danio_rerio.ENSDARP00000134903, Mus_musculus.ENSMUSP00000080717, Homo_sapiens.ENSP00000358747, Rattus_norvegicus.ENSRNOP00000052813, Canis_familiaris.ENSCAFP00000032028, Monodelphis_domestica.ENSMODP00000001739, Mus_musculus.ENSMUSP00000078134, Danio_rerio.ENSDARP00000135566, Canis_familiaris.ENSCAFP00000020233, Monodelphis_domestica.ENSMODP00000001804, Mus_musculus.ENSMUSP00000080851, Mus_musculus.ENSMUSP00000123979, Homo_sapiens.ENSP00000437082, Pan_troglodytes.ENSPTRP00000001896, Mus_musculus.ENSMUSP00000142477
RefOG037	11	34	21	1060	841	950	Mus_musculus.ENSMUSP00000029682, Tetraodon_nigroviridis.ENSTNIP00000017286, Tetraodon_nigroviridis.ENSTNIP00000012955, Drosophila_melanogaster.FBpp0112980, Pan_troglodytes.ENSPTRP00000029161, Rattus_norvegicus.ENSRNOP00000067037, Danio_rerio.ENSDARP00000129945, Mus_musculus.ENSMUSP00000003659, Rattus_norvegicus.ENSRNOP00000071047, Homo_sapiens.ENSP00000339730, Ciona_intestinalis.ENSCINP00000005599, Tetraodon_nigroviridis.ENSTNIP00000023097, Tetraodon_nigroviridis.ENSTNIP00000000263, Canis_familiaris.ENSCAFP00000025076, Danio_rerio.ENSDARP00000142363, Pan_troglodytes.ENSPTRP00000057441, Pan_troglodytes.ENSPTRP00000002388, Homo_sapiens.ENSP00000222271, Monodelphis_domestica.ENSMODP00000024590, Gallus_gallus.ENSGALP00000023854, Ciona_intestinalis.ENSCINP00000017560, Gallus_gallus.ENSGALP00000005183, Canis_familiaris.ENSCAFP00000053810, Canis_familiaris.ENSCAFP00000055935, Danio_rerio.ENSDARP00000093348, Homo_sapiens.ENSP00000357362, Mus_musculus.ENSMUSP00000022213, Tetraodon_nigroviridis.ENSTNIP00000018477, Tetraodon_nigroviridis.ENSTNIP00000003343, Danio_rerio.ENSDARP00000132464, Danio_rerio.ENSDARP00000057304, Rattus_norvegicus.ENSRNOP00000074259, Monodelphis_domestica.ENSMODP00000004469, Monodelphis_domestica.ENSMODP00000058400
RefOG050	12	14	88	477	423	466	Drosophila_melanogaster.FBpp0071759, Danio_rerio.ENSDARP00000070033, Homo_sapiens.ENSP00000379865, Homo_sapiens.ENSP00000497007, Mus_musculus.ENSMUSP00000116627, Tetraodon_nigroviridis.ENSTNIP00000007573, Gallus_gallus.ENSGALP00000054565, Ciona_intestinalis.ENSCINP00000009349, Monodelphis_domestica.ENSMODP00000009967, Homo_sapiens.ENSP00000428055, Pan_troglodytes.ENSPTRP00000068416, Caenorhabditis_elegans.WBGene00012608.1, Canis_familiaris.ENSCAFP00000010872, Rattus_norvegicus.ENSRNOP00000009462
RefOG022	11	23	96	712	452	456	Gallus_gallus.ENSGALP00000030109, Canis_familiaris.ENSCAFP00000007467, Drosophila_melanogaster.FBpp0303221, Danio_rerio.ENSDARP00000120165, Ciona_intestinalis.ENSCINP00000027906, Mus_musculus.ENSMUSP00000100041, Rattus_norvegicus.ENSRNOP00000017240, Tetraodon_nigroviridis.ENSTNIP00000014051, Danio_rerio.ENSDARP00000076855, Danio_rerio.ENSDARP00000017572, Pan_troglodytes.ENSPTRP00000054198, Pan_troglodytes.ENSPTRP00000064658, Homo_sapiens.ENSP00000345681, Gallus_gallus.ENSGALP00000068882, Tetraodon_nigroviridis.ENSTNIP00000022954, Tetraodon_nigroviridis.ENSTNIP00000006319, Mus_musculus.ENSMUSP00000128198, Rattus_norvegicus.ENSRNOP00000026187, Monodelphis_domestica.ENSMODP00000020895, Canis_familiaris.ENSCAFP00000006152, Tetraodon_nigroviridis.ENSTNIP00000017630, Monodelphis_domestica.ENSMODP00000010015, Homo_sapiens.ENSP00000368632
RefOG013	2	27	471	947	676	636	Drosophila_melanogaster.FBpp0288951, Caenorhabditis_elegans.WBGene00001619.1, Drosophila_melanogaster.FBpp0071044, Drosophila_melanogaster.FBpp0307914, Drosophila_melanogaster.FBpp0307900, Drosophila_melanogaster.FBpp0288950, Drosophila_melanogaster.FBpp0307916, Caenorhabditis_elegans.WBGene00001618.1, Drosophila_melanogaster.FBpp0304756, Drosophila_melanogaster.FBpp0290822, Drosophila_melanogaster.FBpp0307899, Drosophila_melanogaster.FBpp0301563, Caenorhabditis_elegans.WBGene00020804.1, Drosophila_melanogaster.FBpp0288952, Drosophila_melanogaster.FBpp0099386, Drosophila_melanogaster.FBpp0085662, Drosophila_melanogaster.FBpp0074638, Drosophila_melanogaster.FBpp0111921, Drosophila_melanogaster.FBpp0075915, Drosophila_melanogaster.FBpp0072181, Drosophila_melanogaster.FBpp0071268, Drosophila_melanogaster.FBpp0307907, Drosophila_melanogaster.FBpp0081400, Drosophila_melanogaster.FBpp0071032, Drosophila_melanogaster.FBpp0288956, Drosophila_melanogaster.FBpp0307913, Drosophila_melanogaster.FBpp0087171
RefOG014	11	24	48	2632	1075	768	Gallus_gallus.ENSGALP00000073167, Monodelphis_domestica.ENSMODP00000042543, Pan_troglodytes.ENSPTRP00000073455, Rattus_norvegicus.ENSRNOP00000072921, Tetraodon_nigroviridis.ENSTNIP00000018365, Gallus_gallus.ENSGALP00000055818, Mus_musculus.ENSMUSP00000088254, Drosophila_melanogaster.FBpp0301625, Monodelphis_domestica.ENSMODP00000042752, Monodelphis_domestica.ENSMODP00000028971, Pan_troglodytes.ENSPTRP00000091776, Danio_rerio.ENSDARP00000118732, Canis_familiaris.ENSCAFP00000038345, Pan_troglodytes.ENSPTRP00000074147, Pan_troglodytes.ENSPTRP00000092836, Pan_troglodytes.ENSPTRP00000076194, Tetraodon_nigroviridis.ENSTNIP00000002473, Canis_familiaris.ENSCAFP00000015918, Gallus_gallus.ENSGALP00000072279, Ciona_intestinalis.ENSCINP00000022631, Canis_familiaris.ENSCAFP00000037424, Tetraodon_nigroviridis.ENSTNIP00000017251, Gallus_gallus.ENSGALP00000065840, Homo_sapiens.ENSP00000462316
RefOG043	12	17	78	457	348	407	Homo_sapiens.ENSP00000338788, Monodelphis_domestica.ENSMODP00000055025, Pan_troglodytes.ENSPTRP00000071872, Caenorhabditis_elegans.WBGene00009189.1, Tetraodon_nigroviridis.ENSTNIP00000012749, Gallus_gallus.ENSGALP00000054065, Monodelphis_domestica.ENSMODP00000044148, Ciona_intestinalis.ENSCINP00000014158, Drosophila_melanogaster.FBpp0308450, Monodelphis_domestica.ENSMODP00000013310, Canis_familiaris.ENSCAFP00000054654, Rattus_norvegicus.ENSRNOP00000071553, Rattus_norvegicus.ENSRNOP00000007276, Danio_rerio.ENSDARP00000017582, Pan_troglodytes.ENSPTRP00000021742, Mus_musculus.ENSMUSP00000080301, Monodelphis_domestica.ENSMODP00000000871
RefOG018	10	12	64	104	79	72	Gallus_gallus.ENSGALP00000015826, Drosophila_melanogaster.FBpp0079031, Rattus_norvegicus.ENSRNOP00000013841, Canis_familiaris.ENSCAFP00000055410, Danio_rerio.ENSDARP00000030382, Canis_familiaris.ENSCAFP00000051064, Ciona_intestinalis.ENSCINP00000032129, Mus_musculus.ENSMUSP00000040741, Tetraodon_nigroviridis.ENSTNIP00000020914, Pan_troglodytes.ENSPTRP00000081578, Caenorhabditis_elegans.WBGene00022492.1, Pan_troglodytes.ENSPTRP00000087708
RefOG008	12	14	207	485	256	239	Homo_sapiens.ENSP00000326817, Danio_rerio.ENSDARP00000064514, Mus_musculus.ENSMUSP00000099554, Monodelphis_domestica.ENSMODP00000057788, Tetraodon_nigroviridis.ENSTNIP00000005152, Homo_sapiens.ENSP00000497618, Rattus_norvegicus.ENSRNOP00000075733, Rattus_norvegicus.ENSRNOP00000050922, Caenorhabditis_elegans.WBGene00022759.1, Gallus_gallus.ENSGALP00000064119, Pan_troglodytes.ENSPTRP00000011913, Canis_familiaris.ENSCAFP00000016379, Ciona_intestinalis.ENSCINP00000024085, Drosophila_melanogaster.FBpp0070997
RefOG029	11	13	175	367	307	347	Monodelphis_domestica.ENSMODP00000014717, Danio_rerio.ENSDARP00000126649, Tetraodon_nigroviridis.ENSTNIP00000022109, Ciona_intestinalis.ENSCINP00000000728, Danio_rerio.ENSDARP00000094893, Drosophila_melanogaster.FBpp0112092, Tetraodon_nigroviridis.ENSTNIP00000006899, Pan_troglodytes.ENSPTRP00000069746, Canis_familiaris.ENSCAFP00000021066, Rattus_norvegicus.ENSRNOP00000028407, Homo_sapiens.ENSP00000397259, Mus_musculus.ENSMUSP00000102750, Gallus_gallus.ENSGALP00000045426
